X,status,let.7a,let.7a.,let.7b,let.7b.,let.7c,let.7c.,let.7d,let.7d.,let.7e,let.7e.,let.7f,let.7f.1.,let.7f.2.,let.7g,let.7g.,let.7i,let.7i.,miR.1,miR.100,miR.100.,miR.101,miR.101.,miR.103,miR.105,miR.105.,miR.106a,miR.106a.,miR.106b,miR.106b.,miR.107,miR.10a,miR.10a.,miR.10b,miR.10b.,miR.122,miR.122.,miR.1224.3p,miR.1224.5p,miR.1225.3p,miR.1225.5p,miR.1226,miR.1227,miR.1228,miR.1228.,miR.1229,miR.1233,miR.1236,miR.1237,miR.124,miR.124.,miR.125a.3p,miR.125a.5p,miR.125b,miR.125b.1.,miR.125b.2.,miR.126,miR.126.,miR.1271,miR.127.3p,miR.127.5p,miR.1277,miR.128,miR.129.3p,miR.129.5p,miR.129.,miR.130a,miR.130a.,miR.130b,miR.130b.,miR.132,miR.132.,miR.133a,miR.133b,miR.134,miR.135a,miR.135a.,miR.135b,miR.135b.,miR.136,miR.136.,miR.137,miR.138,miR.138.1.,miR.139.3p,miR.139.5p,miR.140.3p,miR.140.5p,miR.141,miR.141.,miR.142.3p,miR.142.5p,miR.143,miR.143.,miR.144,miR.144.,miR.145,miR.145.,miR.146a,miR.146a.,miR.146b.3p,miR.146b.5p,miR.147b,miR.148a,miR.148a.,miR.148b,miR.148b.,miR.149,miR.149.,miR.150,miR.150.,miR.151.3p,miR.151.5p,miR.152,miR.153,miR.154,miR.154.,miR.155,miR.155.,miR.15a,miR.15a.,miR.15b,miR.15b.,miR.16,miR.16.1.,miR.16.2.,miR.17,miR.17.,miR.181a,miR.181a.,miR.181a.2.,miR.181b,miR.181c,miR.181c.,miR.181d,miR.182,miR.182.,miR.183,miR.183.,miR.184,miR.185,miR.185.,miR.186,miR.186.,miR.187,miR.187.,miR.188.3p,miR.188.5p,miR.18a,miR.18a.,miR.18b,miR.18b.,miR.190,miR.190b,miR.191,miR.191.,miR.192,miR.192.,miR.193a.3p,miR.193a.5p,miR.193b,miR.193b.,miR.194,miR.194.,miR.195,miR.195.,miR.196a,miR.196a.,miR.196b,miR.197,miR.198,miR.199a.5p,miR.199b.3p,miR.199b.5p,miR.19a,miR.19a.,miR.19b,miR.19b.1.,miR.19b.2.,miR.200a,miR.200a.,miR.200b,miR.200b.,miR.200c,miR.200c.,miR.202,miR.202.,miR.203,miR.204,miR.205,miR.206,miR.208b,miR.20a,miR.20a.,miR.20b,miR.20b.,miR.21,miR.21.,miR.210,miR.211,miR.212,miR.214,miR.214.,miR.215,miR.216a,miR.216b,miR.217,miR.218,miR.218.1.,miR.218.2.,miR.219.1.3p,miR.219.2.3p,miR.219.5p,miR.22,miR.22.,miR.221,miR.221.,miR.222,miR.222.,miR.223,miR.223.,miR.224,miR.23a,miR.23a.,miR.23b,miR.23b.,miR.24,miR.24.1.,miR.24.2.,miR.25,miR.25.,miR.26a,miR.26a.1.,miR.26a.2.,miR.26b,miR.26b.,miR.27a,miR.27a.,miR.27b,miR.27b.,miR.28.3p,miR.28.5p,miR.296.3p,miR.299.3p,miR.299.5p,miR.29a,miR.29a.,miR.29b,miR.29b.1.,miR.29b.2.,miR.29c,miR.29c.,miR.301a,miR.301b,miR.302a.,miR.302b,miR.302b.,miR.302c,miR.302d,miR.30a,miR.30a.,miR.30b,miR.30b.,miR.30c,miR.30c.1.,miR.30c.2.,miR.30d,miR.30d.,miR.30e,miR.30e.,miR.31,miR.31.,miR.32,miR.32.,miR.320a,miR.323.3p,miR.324.3p,miR.324.5p,miR.326,miR.328,miR.329,miR.330.3p,miR.330.5p,miR.331.3p,miR.331.5p,miR.335,miR.335.,miR.337.3p,miR.337.5p,miR.338.3p,miR.338.5p,miR.339.3p,miR.339.5p,miR.33a,miR.33a.,miR.33b,miR.33b.,miR.340,miR.340.,miR.342.3p,miR.342.5p,miR.345,miR.346,miR.34a,miR.34a.,miR.34b,miR.34b.,miR.34c.3p,miR.34c.5p,miR.361.3p,miR.361.5p,miR.362.3p,miR.362.5p,miR.363,miR.363.,miR.365,miR.367,miR.369.3p,miR.369.5p,miR.370,miR.371.3p,miR.371.5p,miR.372,miR.373,miR.373.,miR.374a,miR.374a.,miR.374b,miR.374b.,miR.375,miR.376a,miR.376a.,miR.376b,miR.376c,miR.377,miR.377.,miR.378,miR.378.,miR.379,miR.379.,miR.380,miR.380.,miR.381,miR.382,miR.383,miR.409.3p,miR.409.5p,miR.410,miR.411,miR.411.,miR.421,miR.423.3p,miR.423.5p,miR.424,miR.424.,miR.425,miR.425.,miR.429,miR.431,miR.431.,miR.432,miR.432.,miR.433,miR.449a,miR.449b,miR.450a,miR.450b.3p,miR.450b.5p,miR.451,miR.452,miR.452.,miR.453,miR.454,miR.454.,miR.455.3p,miR.455.5p,miR.483.3p,miR.483.5p,miR.484,miR.485.3p,miR.485.5p,miR.486.3p,miR.486.5p,miR.487a,miR.487b,miR.488,miR.488.,miR.489,miR.490.3p,miR.490.5p,miR.491.3p,miR.491.5p,miR.492,miR.493,miR.493.,miR.494,miR.495,miR.496,miR.497,miR.497.,miR.498,miR.499.3p,miR.499.5p,miR.500,miR.500.,miR.501.3p,miR.501.5p,miR.502.3p,miR.502.5p,miR.503,miR.504,miR.505,miR.505.,miR.506,miR.507,miR.508.3p,miR.508.5p,miR.509.3p,miR.509.3.5p,miR.510,miR.511,miR.512.3p,miR.512.5p,miR.513a.3p,miR.513a.5p,miR.513b,miR.513c,miR.514,miR.515.3p,miR.515.5p,miR.516a.5p,miR.516b,miR.516b.,miR.517a,miR.517.,miR.517b,miR.517c,miR.518a.3p,miR.518b,miR.518c,miR.518d.3p,miR.518e,miR.518f,miR.518f.,miR.519a,miR.519b.3p,miR.519c.3p,miR.519c.5p,miR.519d,miR.519e.,miR.520a.3p,miR.520a.5p,miR.520c.3p,miR.520d.3p,miR.520d.5p,miR.520e,miR.520f,miR.520g,miR.520h,miR.521,miR.522,miR.523,miR.524.5p,miR.525.3p,miR.525.5p,miR.526b,miR.526b.,miR.527,miR.532.3p,miR.532.5p,miR.539,miR.541,miR.542.3p,miR.542.5p,miR.543,miR.544,miR.545,miR.545.,miR.548a.3p,miR.548a.5p,miR.548b.3p,miR.548b.5p,miR.548c.5p,miR.548d.3p,miR.548d.5p,miR.549.3p,miR.549.5p,miR.550,miR.550.,miR.551a,miR.551b,miR.551b.,miR.552,miR.556.3p,miR.556.5p,miR.559,miR.561.5p,miR.566,miR.570,miR.574.3p,miR.576.3p,miR.576.5p,miR.577,miR.579,miR.580,miR.581,miR.582.3p,miR.582.5p,miR.584,miR.585,miR.589,miR.589.,miR.590.3p,miR.590.5p,miR.592,miR.597,miR.598,miR.599,miR.600,miR.603,miR.605,miR.610,miR.612,miR.615.3p,miR.615.5p,miR.616,miR.616.,miR.617,miR.618,miR.622,miR.624,miR.624.,miR.625,miR.625.,miR.627,miR.628.3p,miR.628.5p,miR.629,miR.629.,miR.636,miR.639,miR.641,miR.642,miR.643,miR.650,miR.651,miR.652,miR.653,miR.654.3p,miR.654.5p,miR.655,miR.656,miR.658,miR.659,miR.660,miR.663,miR.664,miR.665,miR.668,miR.671.3p,miR.671.5p,miR.675,miR.7,miR.708,miR.708.,miR.7.1.,miR.7.2.,miR.744,miR.744.,miR.758,miR.760,miR.765,miR.766,miR.767.3p,miR.767.5p,miR.768.3p,miR.768.5p,miR.769.3p,miR.769.5p,miR.770.5p,miR.801,miR.873,miR.874,miR.875.3p,miR.875.5p,miR.876.3p,miR.876.5p,miR.877,miR.877.,miR.885.3p,miR.885.5p,miR.886.3p,miR.886.5p,miR.887,miR.888,miR.889,miR.890,miR.891a,miR.891b,miR.892b,miR.9,miR.9.,miR.923,miR.92a,miR.92a.1.,miR.92b,miR.92b.,miR.93,miR.93.,miR.933,miR.934,miR.935,miR.937,miR.938,miR.939,miR.940,miR.941,miR.942,miR.944,miR.95,miR.96,miR.96.,miR.98,miR.99a,miR.99a.,miR.99b,miR.99b.,Candidate.1.3p,Candidate.1.5p,Candidate.2,Candidate.3,Candidate.4,Candidate.5,Candidate.6,Candidate.7.3p,Candidate.7.5p,Candidate.8,Candidate.9.3p,Candidate.9.5p,Candidate.10,Candidate.11,Candidate.12.3p,Candidate.12.5p,Candidate.13,Candidate.14,Candidate.15,Candidate.16,Candidate.17,Candidate.18.5p,Candidate.18.3p,Candidate.19,Candidate.20,Candidate.21.3p,Candidate.21.5p,Candidate.22,Candidate.23.5p,Candidate.23.3p,Candidate.24,Candidate.25.3p,Candidate.25.5p,Candidate.26.3p,Candidate.26.5p,Candidate.27.5p,Candidate.27.3p,Candidate.28,Candidate.29.5p,Candidate.29.3p,Candidate.30,Candidate.31,Candidate.32.5p,Candidate.32.3p,Candidate.33,Candidate.34.3p,Candidate.34.5p,Candidate.35,Candidate.36.3p,Candidate.36.5p,Candidate.37.5p,Candidate.37.3p,Candidate.38,Candidate.39,Candidate.40.3p,Candidate.40.5p,Candidate.41,Candidate.42,Candidate.43,Candidate.44,Candidate.45,Candidate.46,Candidate.47,Candidate.48,Candidate.49,Candidate.50.3p,Candidate.50.1.5p,Candidate.50.2.5p,Candidate.51.5p,Candidate.51.1.3p,Candidate.52.1,Candidate.52.2,Candidate.53,Candidate.54,Candidate.54.3.3p,Candidate.55,Candidate.56,Candidate.57.5p,Candidate.57.3p,Candidate.58.3p,Candidate.58.5p,Candidate.59.3p,Candidate.59.5p,Candidate.60,Candidate.61,Candidate.62,Candidate.63,Candidate.64
N1,N,865,3,975,15,828,0,71,3,169,0,569,1,0,447,0,241,1,151,233,0,159,3,7,0,0,0,0,8,2,35,56,0,101,0,0,0,0,0,0,0,0,0,0,0,0,0,0,0,1,0,2,135,1038,2,2,379,60,0,15,0,0,6,2,0,0,144,0,3,0,8,0,10,1,0,0,0,2,1,3,1,0,1,0,0,10,40,30,0,0,4,5,6356,4,55,0,413,29,4,0,0,0,2,6,0,2,0,4,0,23,0,22,275,15,0,1,0,4,0,92,0,101,0,177,0,4,25,12,22,0,1,0,3,1,0,1,0,0,0,0,38,0,22,1,0,0,0,0,5,0,0,0,1,0,203,1,134,0,25,9,15,1,2,0,231,0,41,1,9,11,0,72,136,35,16,0,103,0,0,0,0,2,0,1,0,0,0,2,7,0,0,0,10,3,0,0,468,0,3,0,0,58,4,4,0,0,0,8,0,0,0,0,1,14,0,12,0,10,0,5,0,0,336,0,342,1,120,1,0,10,0,1784,0,1,132,0,240,0,537,12,57,87,0,0,1,320,7,131,0,1,186,10,3,0,0,0,0,0,0,28,5,64,1,55,1,0,105,0,35,36,1,0,6,0,271,0,3,5,0,6,1,0,0,0,0,130,1,4,0,16,2,8,5,2,0,1,0,1,0,14,0,0,0,17,2,0,0,0,0,1,17,3,2,0,0,17,0,1,0,0,0,0,0,0,0,14,0,21,5,0,0,0,0,5,0,0,24,0,1,0,0,0,1,0,0,0,0,0,1,0,0,5,26,15,6,0,4,0,0,0,0,0,1,0,0,3,0,0,105,0,0,0,1,0,2,1,0,8,15,0,0,0,45,0,0,0,0,0,0,0,0,0,0,0,1,1,1,0,28,2,0,0,1,1,0,0,0,1,0,0,0,2,3,0,0,0,0,0,0,0,0,0,0,0,0,0,0,0,0,0,0,0,0,0,0,0,0,0,0,0,0,0,0,0,0,0,0,0,0,0,0,0,0,0,0,0,0,0,0,0,0,0,0,0,0,0,0,0,4,4,0,0,1,0,0,1,0,0,1,0,0,0,1,0,0,0,0,0,0,0,1,0,0,0,0,0,0,0,0,27,0,0,0,0,0,0,1,0,0,0,0,0,0,3,0,0,0,0,0,0,0,0,0,3,0,0,0,0,0,0,0,0,1,0,0,1,2,0,0,0,0,0,0,0,0,0,4,0,0,0,0,0,0,0,28,0,0,0,0,0,11,2,3,3,0,1,0,2,0,0,0,0,0,0,0,0,1,0,1,0,0,4,2,0,0,0,1,1,0,0,0,0,2,1,0,0,0,0,0,0,1,0,1,68,2,11,2,10,2,0,0,0,0,0,0,0,0,0,0,5,0,0,17,344,6,24,3,0,1,0,0,0,0,0,0,0,12,0,0,0,0,0,0,0,0,4,0,0,0,0,0,0,2,1,0,1,0,0,1,0,2,5,0,0,7,0,0,0,0,0,0,0,0,0,0,0,0,0,0,0,0,0,0,0,2,0,21,0,0,1,1,0,0,0,0,0,0,0,7,0,0,0,0,0,2,0,2,0,0,0,0,0,0,0,1
N2,N,810,12,2790,18,1251,0,98,24,151,1,192,1,1,173,0,304,6,71,169,0,270,9,20,0,0,0,0,20,5,41,32,0,77,3,0,0,0,0,0,0,0,0,0,0,0,0,0,0,3,0,8,426,5007,0,2,248,34,0,231,10,0,6,0,0,0,299,1,11,1,2,3,37,14,9,8,0,2,0,74,5,0,2,0,8,12,45,79,2,0,35,17,11170,5,42,0,1121,100,13,0,0,2,1,25,0,24,0,8,0,51,0,44,615,48,0,6,0,3,0,28,0,127,0,70,0,0,19,0,25,103,2,2,2,0,0,2,0,0,0,0,104,0,120,1,0,0,0,1,4,2,0,0,4,0,376,0,5,0,51,49,28,17,0,0,166,2,0,0,28,48,0,201,260,83,43,0,300,0,0,0,0,1,0,0,0,1,2,3,57,8,0,0,10,2,2,0,535,1,6,0,0,125,7,0,0,0,0,53,1,0,0,0,0,128,6,62,0,30,0,54,0,15,571,0,408,2,267,0,0,61,0,1542,0,0,140,3,210,0,421,11,157,97,0,3,2,447,18,154,2,0,159,13,4,0,0,0,0,0,0,49,30,117,2,81,3,2,172,0,50,46,2,0,3,0,1184,1,5,24,3,8,1,1,0,6,1,82,0,4,2,11,0,16,2,3,0,1,0,7,0,25,0,3,1,24,1,0,0,0,0,11,37,1,3,13,0,34,0,6,0,1,0,0,0,0,0,5,0,15,0,0,2,0,16,55,15,1,107,4,10,0,0,0,10,5,0,2,0,1,0,0,1,10,75,1065,113,4,8,0,0,0,5,0,6,0,0,137,0,4,143,19,3,0,1,0,32,25,0,5,27,0,8,0,74,0,4,0,0,0,0,1,0,1,0,1,1,2,10,0,59,2,0,0,2,0,1,0,0,6,0,70,0,3,1,0,0,0,0,0,0,0,0,0,0,0,0,0,0,0,0,0,0,0,0,0,0,1,0,0,0,0,0,0,0,0,0,0,0,0,0,0,0,0,0,0,0,0,0,0,0,0,0,0,0,0,0,0,0,0,4,0,1,0,39,10,2,0,0,0,0,0,0,0,0,0,0,0,0,1,0,0,0,0,0,0,0,0,2,0,0,83,0,0,0,0,0,0,0,1,0,0,0,0,0,2,1,0,2,0,0,1,0,0,0,0,0,0,0,0,0,0,0,0,0,0,1,1,0,1,0,0,0,0,0,0,0,1,8,0,3,1,0,0,0,0,25,0,0,3,0,0,0,1,3,25,2,2,0,11,0,0,0,0,0,0,0,0,5,0,3,0,0,3,4,0,0,0,2,3,0,0,1,0,1,1,1,0,0,0,0,0,5,3,0,90,2,17,2,18,5,0,0,0,0,0,0,1,0,0,0,0,2,0,12,364,12,92,0,0,0,0,0,1,0,0,0,0,4,0,1,0,2,1,0,1,2,9,0,0,8,0,1,2,1,5,0,0,0,2,2,0,2,26,0,0,9,1,0,0,0,0,0,0,0,0,0,0,0,3,0,0,0,0,2,0,4,1,7,0,0,1,1,0,2,0,0,0,0,0,5,0,0,0,0,1,1,0,2,0,0,0,0,0,1,2,0
N3,N,5505,30,4912,27,2973,0,364,8,788,1,3497,1,2,1922,2,912,4,352,686,1,809,33,33,0,0,0,1,16,9,63,104,8,203,14,0,0,0,0,0,0,0,0,0,0,0,0,0,0,0,0,5,431,2595,5,15,1160,293,0,27,2,0,9,1,0,0,656,0,8,1,13,7,38,15,2,0,0,0,0,5,4,0,0,0,2,13,252,132,3,0,90,28,11547,24,355,8,1330,113,21,0,0,3,0,7,0,9,1,5,0,44,0,82,478,40,2,2,2,13,0,407,3,375,2,643,0,2,82,56,94,0,0,15,4,0,2,5,0,0,0,0,65,0,106,4,0,0,0,6,10,0,0,0,15,0,317,0,7,0,19,20,24,3,5,1,604,0,449,4,75,17,0,379,309,99,64,0,234,0,0,5,0,11,0,25,0,0,0,2,12,24,0,0,59,8,4,0,2658,4,4,0,0,206,4,0,0,0,0,31,0,0,0,0,1,48,2,151,1,67,0,14,0,11,813,10,1046,2,1369,5,1,77,0,4778,0,1,1034,3,640,0,1624,5,183,112,0,2,3,904,3,383,0,8,627,13,14,0,0,0,0,0,0,51,22,102,1,110,2,1,219,0,62,79,4,0,12,0,1064,0,11,34,4,18,0,2,0,29,5,217,2,6,1,12,0,16,22,5,1,3,0,33,0,100,4,4,0,30,2,0,0,0,1,20,94,5,6,1,0,113,0,9,2,0,0,0,0,0,0,61,5,83,1,0,0,0,0,27,3,1,126,1,7,1,0,0,5,0,2,0,0,0,0,0,10,18,82,54,3,5,6,0,0,0,4,0,0,0,0,16,0,1,1454,2,0,0,22,0,5,5,3,12,57,0,0,1,220,0,3,1,0,0,0,0,0,4,0,0,0,4,2,0,81,5,0,0,6,8,2,0,0,5,0,6,3,5,0,0,0,0,0,0,0,0,0,0,0,0,1,0,0,0,0,0,0,0,0,0,0,0,0,0,0,0,0,0,0,0,0,0,0,0,0,0,0,0,0,0,0,0,0,0,0,0,0,0,0,0,0,0,0,0,8,14,0,0,4,3,1,0,1,1,0,0,0,0,0,1,1,0,0,0,0,0,0,0,0,0,0,0,0,0,0,65,1,0,0,0,0,0,0,1,0,1,0,0,8,6,0,0,1,0,0,0,0,0,1,2,0,0,0,0,0,0,0,0,1,2,1,0,1,1,0,0,0,1,0,0,0,1,11,0,4,0,0,0,0,0,41,0,0,0,0,1,11,1,8,8,0,2,0,10,1,0,0,0,0,0,0,2,5,1,5,0,0,26,9,0,0,2,3,5,0,0,0,3,0,0,0,2,0,0,0,0,7,0,17,207,2,39,0,126,7,0,0,0,0,0,1,1,0,0,2,7,1,0,53,933,17,97,3,0,2,0,0,4,3,1,1,0,23,0,0,0,0,0,0,1,0,0,0,0,5,0,0,0,6,1,3,3,1,0,2,5,4,15,0,0,3,0,0,0,1,0,0,0,0,0,0,2,0,2,0,0,0,0,0,0,4,3,40,0,2,4,0,0,0,0,0,0,0,0,55,7,1,1,0,0,0,0,5,0,0,0,0,0,0,0,2
N4,N,6692,73,24286,119,6413,1,1890,41,5801,7,14486,18,3,4062,4,3867,18,3835,351,0,807,26,51,0,0,0,0,68,7,68,489,6,2066,5,0,0,0,0,0,0,0,0,1,0,0,0,0,0,0,0,5,1048,8036,12,15,3833,1620,0,158,5,0,33,3,6,0,1534,1,24,1,48,9,14,10,0,3,0,2,0,72,9,1,0,0,11,49,181,324,0,0,300,99,51377,115,196,3,3504,302,1,0,0,4,0,62,0,67,1,10,0,105,1,146,3177,211,8,12,5,33,0,336,3,1283,4,1292,0,25,39,59,323,5,2,13,13,0,10,6,0,1,0,0,236,0,280,8,0,0,5,23,6,0,0,0,32,0,1127,1,211,0,105,36,28,17,16,0,3071,4,702,1,444,13,0,783,448,296,127,0,538,0,0,0,0,1,0,4,0,0,3,1,44,1,0,0,186,31,0,0,11868,11,22,0,4,691,30,4,0,0,0,243,2,0,0,0,0,312,29,216,8,245,0,198,0,28,1137,0,1644,4,1112,5,4,135,4,15412,1,9,2565,7,387,0,1122,119,950,524,0,0,4,2532,70,337,8,8,376,29,47,1,0,0,0,0,0,318,115,299,3,313,8,4,515,3,373,181,0,0,42,7,1736,0,20,78,0,6,2,3,1,38,7,1954,10,50,2,23,5,20,11,6,5,2,0,77,11,162,6,8,0,30,3,0,0,0,0,10,160,29,15,1,0,208,0,42,1,0,0,0,0,0,0,439,22,133,0,1,2,6,8,93,12,0,147,2,8,4,3,0,11,2,1,5,1,3,8,6,27,7,136,1033,109,11,30,0,0,0,9,0,2,0,0,312,0,40,534,7,2,0,35,0,84,34,1,8,45,1,0,0,15,0,5,3,0,0,0,0,0,1,0,5,15,4,21,0,183,20,0,0,18,19,5,3,2,7,12,86,0,31,7,0,0,0,0,0,0,0,0,0,0,0,0,0,0,0,0,0,0,0,0,0,0,0,0,0,0,0,0,0,0,0,0,0,0,0,0,0,0,0,0,0,0,0,0,0,0,0,0,0,0,0,0,0,0,0,23,68,3,0,54,10,9,2,6,0,0,0,0,0,5,1,0,0,0,0,0,0,0,0,0,0,0,0,0,0,0,194,1,1,0,0,0,0,0,7,0,0,0,1,20,30,0,0,7,0,0,0,0,0,0,2,0,1,0,0,0,0,0,0,0,1,1,5,7,0,0,0,0,3,0,0,0,2,5,0,7,0,8,2,0,0,296,0,0,1,0,0,17,2,25,58,3,12,0,46,0,2,1,0,0,0,0,3,21,0,5,1,0,36,7,0,0,12,20,13,0,0,1,2,6,3,0,1,0,0,0,0,16,3,11,226,8,41,4,95,6,0,0,0,0,0,0,0,0,1,0,37,3,0,474,1289,24,154,4,1,1,0,0,1,8,2,0,1,5,0,0,0,0,0,0,2,8,2,0,3,6,1,0,1,2,6,1,1,1,1,0,0,2,1,0,0,10,0,0,0,0,0,0,0,0,0,1,1,0,0,0,0,0,1,1,0,0,1,89,0,6,1,0,0,0,0,0,0,0,2,18,2,2,0,0,0,5,0,3,0,0,0,0,0,0,0,1
N5,N,1456,6,1759,11,713,0,188,8,308,1,1134,8,1,493,1,447,8,127,54,0,162,7,63,0,0,0,1,8,0,56,19,2,69,12,0,0,0,0,0,0,0,0,1,1,0,0,0,0,0,0,6,165,566,4,5,691,164,0,48,2,0,7,0,0,0,300,0,12,0,14,2,15,11,6,0,0,0,0,32,2,0,0,0,0,9,101,102,5,0,164,28,17214,104,86,0,961,73,21,0,0,10,0,11,0,25,1,1,0,24,0,49,338,54,1,6,1,9,0,75,2,55,1,78,0,1,38,23,48,1,0,6,2,1,2,1,0,1,0,0,62,2,153,13,0,0,2,9,8,0,0,0,3,0,214,1,7,0,44,32,14,6,2,0,176,0,1,0,185,5,0,207,144,26,19,0,115,0,0,1,0,2,0,22,0,0,0,0,24,1,0,0,12,0,1,0,9332,12,12,0,1,105,1,0,0,0,0,63,2,0,0,0,0,477,16,224,2,97,1,26,0,20,1583,5,1106,1,1574,16,14,18,0,680,0,0,154,1,530,2,1058,18,170,184,1,3,1,341,9,380,1,6,180,10,9,2,0,0,0,0,0,29,22,40,2,27,0,0,58,0,25,19,1,0,12,0,846,0,12,38,3,2,2,2,0,33,1,35,0,7,1,5,0,5,16,10,1,17,0,11,0,23,4,3,0,28,0,0,0,1,3,14,26,1,11,1,0,41,0,24,1,1,0,0,0,0,0,32,2,54,0,0,0,1,0,27,11,2,318,3,10,1,1,0,2,6,0,7,3,2,0,0,11,4,119,123,12,6,7,1,0,0,9,0,2,0,1,32,2,1,104,6,1,0,7,0,18,4,0,4,36,0,1,0,20,0,4,0,0,0,0,0,0,1,0,0,4,2,5,0,54,17,0,0,3,3,3,0,2,4,2,18,0,9,0,0,0,0,0,0,0,0,0,0,0,0,0,0,0,0,0,1,0,0,0,0,0,0,1,0,0,0,0,0,0,0,0,2,0,0,1,0,0,0,0,0,0,0,0,0,0,0,0,0,0,0,1,0,0,0,4,10,0,0,18,15,3,0,1,2,0,0,0,0,1,0,0,0,0,0,0,0,1,0,0,0,0,0,0,0,1,76,1,0,0,0,0,0,0,1,0,0,0,0,2,7,0,0,4,0,0,0,0,0,0,0,0,0,0,0,0,0,0,0,1,1,0,0,0,1,0,1,0,0,0,0,0,0,4,0,1,0,0,0,0,0,48,0,0,0,0,1,16,1,9,4,2,0,0,44,1,2,1,1,0,0,0,0,2,0,7,0,0,102,6,0,0,21,68,2,0,0,0,7,22,3,0,1,0,0,0,1,10,3,14,15,1,11,0,47,4,0,0,0,0,0,0,0,2,1,0,8,1,0,39,166,8,88,6,0,1,0,0,2,0,0,4,3,2,1,0,0,0,0,0,1,0,0,0,2,1,0,0,0,13,7,0,2,0,0,0,1,0,3,0,0,7,0,0,1,0,0,0,0,0,0,1,17,0,1,0,0,0,1,0,1,0,1,59,0,1,2,1,0,0,2,0,0,0,15,286,0,0,0,0,0,0,0,0,0,0,1,5,0,0,0,0
N6,N,588,2,508,3,339,0,47,2,121,0,358,0,0,124,0,89,2,36,12,0,76,11,8,0,0,1,0,1,1,4,7,2,20,1,0,0,0,0,0,0,0,0,0,0,0,0,0,0,0,0,0,79,391,0,0,84,30,0,2,0,0,2,0,0,0,44,0,1,0,2,3,3,2,0,12,0,2,0,2,0,0,0,0,0,0,21,53,16,1,33,4,2433,14,69,2,167,19,2,0,0,8,0,3,0,4,0,0,0,8,0,11,46,4,0,0,1,1,0,3,1,13,0,13,0,4,15,1,23,0,0,4,1,0,1,1,0,0,0,0,4,0,14,2,0,0,0,2,0,0,0,0,1,0,32,0,1,1,3,0,0,1,0,0,26,0,2,0,44,1,0,52,86,20,24,0,41,0,0,7,0,11,0,48,0,0,2,1,5,1,0,0,2,0,0,0,309,2,1,0,0,17,1,0,0,0,0,6,0,0,0,0,0,20,0,101,1,28,0,9,0,2,151,0,313,0,195,1,1,11,0,228,0,0,46,0,28,3,98,2,17,24,0,0,0,44,1,89,0,0,60,0,1,0,0,0,0,0,0,3,5,12,0,7,0,0,7,0,7,14,2,0,3,1,74,0,2,2,0,0,1,0,0,12,0,36,0,2,0,4,0,1,0,12,1,5,0,0,1,6,0,0,0,9,0,3,23,2,11,3,2,2,0,0,0,1,0,3,1,0,0,0,0,0,0,8,0,8,0,1,0,0,0,4,1,0,26,0,0,0,0,0,0,0,0,0,0,0,0,0,1,3,18,225,11,0,0,2,0,0,0,0,0,2,2,19,0,5,78,0,0,0,2,0,2,3,0,1,2,0,0,0,6,0,0,1,0,1,0,0,0,0,0,0,0,0,2,0,10,3,0,0,0,0,2,0,0,0,0,8,0,0,0,0,0,0,0,0,0,0,0,0,0,0,0,0,0,0,0,0,0,0,0,0,0,0,0,0,0,0,0,0,0,0,0,0,0,0,0,0,0,0,0,0,0,0,0,0,0,0,0,0,0,0,0,0,0,0,3,0,1,0,10,4,0,0,0,0,0,0,0,0,0,0,0,0,0,0,0,0,0,0,0,0,0,0,0,0,0,4,0,0,0,0,0,0,0,0,0,0,0,0,0,0,0,0,0,0,0,0,0,0,0,1,0,0,0,0,0,0,0,0,0,0,1,1,0,0,0,0,0,0,1,0,0,0,0,0,0,0,0,0,0,0,9,0,0,0,0,0,0,1,2,1,0,1,0,1,0,0,0,0,0,0,0,1,1,0,1,0,0,0,1,0,0,0,0,0,0,0,0,0,0,0,0,0,0,0,0,0,0,1,2,12,0,2,0,6,0,0,0,0,0,0,0,0,0,0,0,3,0,0,8,34,0,7,0,1,0,0,0,2,0,0,0,0,1,0,0,0,0,0,0,0,0,0,0,0,1,0,0,0,0,0,0,0,0,0,0,0,0,0,1,0,1,0,0,0,0,0,0,0,0,0,0,0,0,0,0,0,0,0,0,0,0,1,5,0,0,0,1,0,0,0,0,0,0,0,8,2,0,0,0,0,0,0,0,0,0,0,0,0,0,0,0
N7,N,9,0,33,0,23,0,1,0,9,0,1,0,0,8,0,7,0,0,41,0,13,0,0,0,0,0,0,1,0,3,1,0,2,0,0,0,0,0,0,0,0,0,0,0,0,0,0,0,0,0,1,14,94,0,0,6,2,0,3,0,0,0,0,0,0,12,0,1,0,0,1,1,0,0,0,0,0,0,1,0,0,0,0,1,0,5,3,4,0,8,1,298,3,7,0,39,2,0,0,0,1,0,2,0,0,0,0,0,0,0,0,28,1,0,0,0,1,0,4,0,6,0,2,0,0,2,1,4,0,0,0,0,0,0,1,0,0,0,0,8,0,2,1,0,0,0,2,1,0,0,0,0,0,13,0,71,0,2,1,0,1,0,0,4,0,0,0,0,4,0,2,3,0,4,0,9,0,0,0,0,2,0,8,0,0,0,0,2,1,0,0,1,0,0,0,15,1,2,0,0,3,0,0,0,0,0,1,0,0,0,0,0,2,0,1,1,0,0,5,0,0,11,0,10,0,13,0,1,1,0,29,0,0,0,0,14,1,50,0,3,8,1,0,0,21,0,9,0,1,11,0,0,0,0,0,0,0,0,4,0,4,0,2,0,0,5,1,2,0,7,0,0,0,34,0,1,0,0,1,1,0,0,0,0,3,0,0,0,1,1,5,3,2,0,0,0,0,0,0,0,0,0,5,0,0,3,0,1,0,0,1,0,0,0,0,0,0,0,0,0,0,0,0,0,0,0,0,0,0,0,0,0,0,1,0,13,1,0,0,0,0,0,0,0,0,0,0,0,0,0,0,6,26,0,0,2,0,0,0,0,0,0,1,0,5,0,0,14,0,0,0,0,0,0,0,0,1,2,0,0,0,17,0,0,0,0,0,0,0,0,0,0,0,0,0,0,0,2,0,0,0,0,0,0,0,0,1,0,1,0,0,0,0,0,0,0,0,0,0,0,0,0,0,0,0,1,0,0,0,0,0,0,0,0,0,0,0,0,0,0,0,0,0,0,0,0,0,0,0,0,0,0,0,0,0,0,0,0,0,0,0,0,0,0,0,0,0,0,0,0,0,3,0,0,0,0,0,0,0,0,0,0,0,0,0,0,0,0,0,0,0,0,0,0,0,0,0,0,2,1,0,0,0,0,0,0,0,0,0,1,0,0,0,0,0,0,0,0,0,0,0,0,1,0,0,0,0,1,0,0,0,0,0,0,0,0,0,0,0,0,0,0,0,0,0,0,0,0,0,0,0,0,0,1,0,0,0,0,0,3,0,0,0,0,0,0,1,0,0,0,0,0,0,0,0,0,0,0,0,0,0,0,0,0,0,0,0,0,0,0,0,0,0,0,0,0,0,0,0,0,0,0,1,1,2,0,4,0,0,0,0,0,0,0,0,0,0,0,0,0,0,0,36,0,3,0,0,0,0,0,0,0,0,0,0,0,0,0,0,0,0,0,0,1,0,0,0,0,0,0,0,1,1,0,0,0,0,0,0,1,0,0,0,0,0,0,0,0,0,0,0,0,0,0,0,0,0,0,0,0,1,0,0,0,0,1,0,0,0,0,0,0,0,0,0,0,1,2,0,0,0,0,0,1,0,1,0,0,0,0,0,0,0,0
N8,N,4513,199,6162,116,2002,3,719,38,1912,14,4252,45,7,1045,2,639,15,409,425,0,356,6,129,0,0,0,0,38,25,67,670,145,170,78,1,0,0,1,0,0,0,0,1,0,0,0,0,0,0,0,26,503,3990,11,11,1908,2420,0,47,0,0,36,0,2,0,727,2,46,7,9,12,6,6,1,187,2,71,0,20,8,1,0,0,1,7,164,157,495,7,93,422,22869,13,279,2,3907,508,10,1,0,7,6,65,2,20,0,13,0,100,1,107,2985,25,1,5,3,22,0,148,2,837,12,310,0,13,10,169,226,8,0,16,17,2,3,16,0,6,2,5,86,0,134,1,1,0,5,5,5,3,1,0,4,8,1530,3,30,1,54,53,7,1,1,0,597,1,2,0,19,18,0,153,245,88,81,0,417,0,0,128,4,3401,27,2742,1,0,1,8,66,20,0,0,25,32,0,0,6590,22,22,0,1,77,5,4,0,0,0,181,0,0,1,0,3,138,11,206,17,233,0,128,1,4,1936,0,3865,4,410,11,9,162,1,6906,2,20,1258,10,361,0,1401,38,198,244,2,2,4,1579,77,284,3,5,353,41,16,1,0,0,0,0,0,131,272,218,10,211,5,8,276,2,117,304,36,5,68,11,577,1,8,15,6,6,2,2,1,40,3,3874,10,47,0,24,2,28,13,6,12,1,0,32,2,29,0,27,0,16,1,51,14,28,15,8,121,6,7,3,0,734,0,94,3,0,0,0,0,0,0,248,24,118,3,42,6,1,5,103,1,0,1241,6,4,5,0,0,3,2,0,1,0,1,12,4,8,12,230,3919,453,4,64,44,0,0,12,0,1,18,5,729,2,142,443,7,0,0,4,0,70,8,4,4,41,0,0,1,64,1,7,25,0,0,0,2,0,5,0,1,8,8,4,0,118,14,0,0,8,3,5,3,1,6,1,257,0,18,0,0,1,0,0,0,0,0,0,0,0,0,2,1,1,2,0,0,0,0,0,0,0,0,0,0,0,0,0,0,0,0,0,0,0,0,1,0,0,0,0,0,0,0,0,0,0,0,0,0,0,0,0,0,0,0,9,7,0,0,162,108,0,0,0,0,0,0,1,1,1,0,1,0,1,0,0,1,0,0,0,0,2,0,1,0,0,204,3,3,0,0,0,0,2,6,1,1,0,0,14,3,0,0,2,0,0,0,0,0,0,6,0,1,0,0,0,0,0,0,7,16,0,4,3,13,0,0,0,3,7,0,0,5,30,1,6,0,1,2,0,0,87,0,0,0,0,1,1,9,15,24,4,19,0,46,4,1,0,0,0,0,0,5,86,0,3,0,0,0,6,0,0,0,1,19,0,1,12,1,3,0,0,3,0,0,0,0,33,7,1,151,4,298,3,42,7,0,0,0,0,0,0,1,0,1,0,123,4,0,150,961,24,160,5,1,0,1,0,78,3,2,9,0,22,1,0,0,0,0,0,10,100,12,0,5,4,0,4,4,22,4,3,9,1,1,0,2,1,1,1,0,64,1,0,1,0,0,0,0,3,0,0,0,4,6,0,0,0,2,0,1,0,38,44,0,1,1,2,2,0,1,0,0,0,5,104,4,6,1,0,0,1,0,1,0,0,0,0,0,0,2,2
N9,N,1962,10,1455,17,476,0,204,18,204,1,1148,1,0,421,0,386,4,15,17,0,147,3,138,0,0,2,0,88,17,398,49,2,46,1,3,0,0,0,0,0,2,0,1,1,0,0,0,0,0,0,0,61,442,0,1,439,356,0,9,0,0,11,0,0,0,47,0,12,1,2,0,0,0,0,2,0,4,0,6,0,0,5,0,1,12,15,14,38,0,119,330,1403,0,4963,10,135,13,3,0,0,2,1,7,0,13,0,1,0,47,0,13,249,2,0,1,0,6,0,727,2,3621,38,839,0,35,51,47,46,0,0,3,0,0,0,42,0,23,0,0,800,0,40,0,0,0,0,0,21,0,2,1,4,0,508,0,30,0,16,18,11,2,4,0,69,0,9,0,2,20,0,22,103,4,103,0,292,0,0,6,0,7,0,65,0,0,5,5,4,118,0,0,77,2,9,0,1084,3,1,0,0,16,0,2,0,0,0,4,0,0,0,0,0,43,2,5,1,10,0,261,1,11,503,0,292,0,0,0,10,122,0,734,0,3,371,1,244,0,245,1,13,9,0,0,0,144,1,126,1,0,124,6,6,1,0,0,0,0,0,22,26,79,0,183,0,2,108,0,27,69,17,0,35,0,136,0,8,6,2,4,0,0,0,2,1,577,9,0,0,25,1,3,17,0,1,0,0,11,0,6,0,1,0,0,0,1,0,0,0,0,4,1,0,29,0,61,0,5,0,0,0,0,0,0,0,88,5,55,0,0,1,0,2,10,0,0,20,1,1,0,0,0,2,0,0,1,0,2,1,1,5,1,41,48,4,13,8,2,0,0,0,0,0,0,0,12,0,3,5122,7,2,0,2,2,3,1,3,4,41,0,0,5,1258,0,1,0,0,0,0,0,0,1,0,0,1,0,2,0,6,1,0,0,0,0,5,1,1,5,0,1,0,10,1,0,0,1,0,0,0,0,0,0,0,0,0,0,1,1,0,0,0,0,0,1,0,0,0,0,1,0,0,0,0,0,0,0,0,1,0,0,0,0,1,0,0,0,0,0,0,0,0,0,0,0,0,1,0,0,5,2,0,0,2,1,1,0,0,0,0,0,0,0,0,0,1,0,0,2,0,0,1,0,0,0,0,0,1,0,1,24,0,2,0,1,0,0,0,1,1,1,0,0,5,4,0,0,0,0,0,0,0,0,0,0,0,0,0,0,0,0,0,3,2,0,0,2,0,2,0,0,0,1,1,0,0,0,7,0,0,0,0,0,0,0,18,0,0,0,0,1,1,0,40,8,0,5,0,0,0,0,0,0,1,0,0,1,9,0,0,0,1,1,1,0,0,0,0,6,0,0,0,0,0,0,0,1,0,0,0,0,2,0,13,239,0,8,0,43,2,0,0,0,0,0,0,1,1,0,0,7,18,0,61,67,3,11,0,1,0,0,0,2,4,0,0,0,19,0,0,0,7,0,0,0,5,3,0,0,1,0,0,0,3,2,0,0,1,0,2,5,0,1,0,0,4,0,0,1,0,0,0,0,2,0,0,0,0,1,0,0,0,0,1,0,0,1,3,0,2,1,0,0,0,0,0,0,0,0,3,0,0,1,0,1,0,0,0,0,0,0,0,0,1,0,0
N10,N,10167,173,18110,233,3294,3,1425,77,2943,4,8014,35,4,2086,2,1651,23,674,429,0,383,7,127,0,0,0,1,66,23,54,437,48,791,219,1,0,0,0,0,0,0,0,1,0,0,0,0,0,27,0,18,606,5409,2,21,1471,1354,0,139,5,0,44,2,1,0,1346,3,83,5,21,19,9,3,4,32,0,25,0,50,3,2,0,0,0,9,104,213,165,5,88,176,17153,8,41,0,2814,396,7,1,0,11,1,35,1,29,0,11,0,39,0,156,2294,50,3,5,5,34,0,202,2,1747,13,525,1,9,40,179,614,8,6,31,29,5,3,36,0,19,3,5,118,0,274,0,5,0,10,21,3,0,0,0,6,4,2117,0,24,0,34,35,19,10,3,0,1409,6,241,0,226,16,0,607,725,551,96,0,428,0,0,112,10,705,19,1265,2,0,8,15,138,3,0,0,62,31,2,0,9589,18,31,0,1,273,13,0,0,0,0,93,1,0,0,0,1,116,9,94,5,153,0,37,0,18,1138,0,2462,4,538,6,3,434,3,9817,1,9,2366,5,255,1,1133,26,350,168,1,6,6,1753,60,102,2,8,160,8,24,2,0,0,0,0,0,148,248,255,17,144,5,11,269,9,126,205,16,2,83,13,884,5,8,49,2,4,11,3,0,15,1,2815,15,36,1,7,1,26,8,1,6,2,0,53,2,63,0,11,0,19,2,0,0,1,1,11,193,27,10,17,0,458,0,127,3,0,0,0,0,0,0,230,21,84,2,207,7,1,13,189,14,0,572,1,7,7,3,0,5,2,0,5,2,3,15,5,5,6,84,6383,970,10,49,24,0,0,28,0,1,2,0,367,3,63,66,12,0,0,7,0,168,46,4,7,40,0,3,1,2,0,12,8,1,0,0,1,0,0,0,8,31,20,14,0,256,14,0,0,14,8,7,7,5,7,2,321,0,40,0,0,0,1,0,0,0,1,0,0,0,0,0,0,1,0,0,0,0,0,0,0,0,0,0,0,0,0,0,0,0,0,0,0,0,0,0,0,0,0,0,0,0,0,0,0,0,0,0,0,0,0,0,0,0,0,46,81,0,0,126,71,6,0,0,0,2,0,0,2,1,1,1,0,0,0,0,0,0,0,0,2,1,0,1,0,0,250,6,1,4,0,0,0,0,0,1,4,1,0,18,9,0,0,4,1,0,1,0,0,0,4,0,0,0,0,0,0,1,0,1,2,1,5,4,25,0,0,0,1,1,0,0,3,14,2,21,0,6,2,0,0,372,0,0,0,0,5,2,32,24,26,7,16,2,28,4,3,0,1,1,0,2,1,49,0,4,0,0,1,8,0,0,1,5,11,0,0,0,1,5,0,0,4,0,0,0,0,37,11,5,327,0,61,0,102,14,0,0,2,0,0,0,0,0,4,0,34,7,0,342,927,8,182,4,0,0,0,0,36,4,3,4,0,5,0,0,0,3,0,0,11,22,3,0,4,3,0,4,3,5,3,1,3,0,1,3,1,0,1,1,0,40,1,0,0,0,0,0,0,4,1,0,0,1,4,2,0,1,1,0,1,0,4,39,0,4,1,0,1,0,2,1,0,0,0,46,2,1,0,0,1,0,1,0,1,0,2,0,0,0,0,1
N11,N,4113,30,8862,40,5929,0,507,19,1089,9,5765,11,6,1704,2,2958,7,1046,88,0,586,4,46,0,0,0,0,51,12,62,69,1,892,7,1,0,0,0,0,0,0,0,0,0,0,0,0,0,1,0,6,585,4481,2,8,1395,1344,3,124,4,4,12,0,0,0,759,0,16,2,31,8,26,10,4,4,0,1,0,25,5,5,0,0,2,30,53,245,2,0,154,23,24433,11,24,0,2211,222,6,0,0,11,0,81,0,45,0,4,0,28,0,101,1650,94,9,10,0,19,0,126,2,188,1,204,0,8,39,59,100,3,0,9,6,1,2,1,0,3,0,0,27,1,153,2,1,0,2,6,14,0,0,0,17,4,276,1,62,0,41,29,16,5,6,0,555,3,5,0,601,11,0,431,489,218,79,0,294,0,0,5,0,14,0,13,0,0,2,4,85,1,2,0,118,14,1,0,6800,3,12,0,1,363,38,0,0,0,0,185,0,0,0,0,0,53,5,106,3,95,0,61,0,6,797,0,1456,2,564,0,1,117,2,5623,1,8,944,4,234,0,1061,107,589,416,0,3,2,894,106,249,8,10,330,23,20,0,0,0,0,0,0,114,145,185,5,150,2,0,319,4,119,282,0,0,17,1,186,0,16,72,1,14,0,1,0,18,4,1106,14,83,0,10,0,27,12,12,7,1,0,29,1,34,2,7,1,44,1,0,1,1,0,10,61,11,15,1,0,117,0,36,3,0,0,0,0,0,0,236,12,66,0,6,1,0,4,36,4,1,83,3,9,3,2,0,3,5,0,1,1,1,6,3,11,8,35,229,30,4,17,0,1,0,3,0,1,1,0,136,0,7,41,3,0,0,16,0,64,51,1,0,19,0,0,0,14,0,3,0,0,0,0,0,0,0,0,8,16,2,38,0,121,6,0,0,11,5,1,1,4,1,5,15,0,3,7,0,0,0,0,0,0,0,1,0,0,0,0,0,0,0,0,0,0,0,0,0,0,0,0,0,0,0,0,0,0,0,0,0,0,0,0,0,0,0,0,0,0,0,0,0,0,0,0,0,0,0,0,0,0,0,9,51,0,0,25,4,6,3,1,0,0,0,0,0,1,0,2,0,0,0,0,0,0,0,0,0,1,0,0,0,0,80,1,0,0,1,0,0,1,7,0,3,0,0,9,9,0,0,1,0,0,0,1,0,0,2,0,0,0,0,0,0,0,0,0,1,0,0,7,1,1,0,0,0,0,0,0,0,2,0,4,0,4,1,0,0,131,0,11,0,0,2,3,2,8,28,9,6,0,14,1,1,0,0,0,0,0,0,5,1,8,0,0,4,10,0,0,4,7,1,0,0,2,5,2,3,0,0,0,0,0,0,61,3,0,235,4,34,1,47,19,0,0,0,0,0,0,0,3,0,1,12,0,0,256,627,14,93,4,0,1,0,0,5,0,1,1,1,3,0,0,0,0,0,0,3,0,0,0,1,4,0,2,2,6,0,0,0,0,0,0,0,1,2,0,0,23,0,0,0,0,0,0,0,0,0,0,1,0,1,1,0,0,1,1,0,0,1,1,0,4,4,0,0,1,0,0,0,0,0,7,0,1,2,0,0,1,0,1,0,0,1,0,0,0,0,0
N12,N,2610,105,12481,180,1816,0,621,88,3255,10,5662,25,7,2392,2,3507,92,1585,304,0,1462,37,100,0,0,0,0,105,17,70,488,15,2390,50,2,0,0,0,0,0,0,1,0,0,1,0,0,0,0,0,22,2554,15099,7,32,5222,3648,0,104,1,0,35,7,4,0,6054,0,37,4,31,41,17,17,3,0,0,6,0,76,18,0,0,0,8,51,164,297,0,0,121,121,109216,26,285,2,9455,952,18,0,0,14,2,25,0,42,0,30,0,183,1,184,3791,136,8,7,2,32,0,990,3,1078,6,1445,0,15,17,121,417,10,1,59,64,5,10,4,0,2,0,0,308,1,446,19,0,0,5,22,4,0,0,1,16,1,1299,0,15,0,206,111,54,15,6,0,2356,3,26,0,361,122,0,695,558,291,168,1,915,0,0,2,0,10,0,3,0,1,23,10,115,13,0,0,117,27,3,0,9004,2,17,0,3,364,27,0,0,0,0,307,2,0,0,0,0,799,48,182,9,101,0,119,0,15,1306,0,2273,5,1608,5,6,169,3,13960,2,19,3752,9,667,0,1375,70,474,661,0,8,12,3642,273,4308,6,6,1879,95,22,0,0,0,0,0,1,380,323,117,13,176,17,10,949,4,347,409,3,0,63,9,832,2,26,74,8,44,3,3,3,49,3,2998,11,49,2,14,1,48,27,7,7,1,0,51,5,81,3,7,2,32,2,1,0,0,0,28,154,24,21,8,0,432,0,33,4,1,0,0,0,0,0,692,18,135,3,0,0,1,5,150,15,0,187,4,7,4,3,0,18,1,0,1,4,0,5,2,10,23,158,674,88,7,76,0,0,0,6,0,2,0,0,163,1,11,568,18,0,0,16,0,86,15,3,4,47,2,0,0,33,0,10,7,0,0,0,0,0,3,0,2,11,4,9,0,351,14,0,0,28,10,4,10,6,8,3,11,1,23,4,0,4,4,0,0,0,0,1,0,0,0,4,1,3,5,0,0,0,0,0,0,0,0,0,0,0,0,0,0,0,0,0,0,0,0,0,0,0,0,0,0,0,0,0,0,0,0,0,0,0,0,0,0,0,0,56,36,0,0,36,13,2,0,2,3,2,0,0,0,6,1,0,0,0,0,2,0,1,0,0,1,0,0,2,0,1,347,1,0,0,0,0,0,1,5,0,5,1,0,27,12,1,0,6,0,0,0,0,0,0,10,0,0,1,0,0,0,1,1,1,0,0,0,8,1,0,0,0,0,0,0,0,0,39,1,11,0,5,0,0,0,134,0,0,0,0,1,4,2,6,92,14,11,0,52,5,3,0,0,2,0,0,0,34,0,6,0,0,11,9,0,0,11,12,9,1,0,1,3,22,3,0,0,0,0,0,0,10,3,8,382,9,65,6,74,10,0,0,0,0,0,0,3,1,2,0,44,1,0,266,1621,35,421,4,2,0,0,0,5,2,1,2,2,37,0,0,0,0,0,0,11,55,20,0,6,18,0,0,7,3,3,1,5,0,1,0,0,3,6,0,0,35,0,0,0,0,0,0,0,0,0,0,0,0,8,1,0,0,1,0,0,0,1,13,0,8,0,1,0,0,0,0,0,0,0,28,0,2,0,0,0,2,1,0,0,0,3,1,0,3,2,3
N13,N,5008,71,21641,288,3278,3,1078,187,5768,22,6324,31,3,1295,6,4983,74,1713,537,0,317,23,6,0,0,0,0,43,26,28,232,37,951,326,1,0,0,0,0,0,0,0,1,2,0,1,0,1,1,0,104,1614,7859,25,35,4558,3388,0,133,4,0,30,2,10,0,11326,0,139,4,33,38,16,5,5,3,0,1,0,30,6,0,0,0,8,33,257,302,4,0,36,107,72831,17,203,3,8498,750,24,0,2,3,0,11,0,15,0,19,0,206,0,214,3560,60,2,3,1,17,0,689,3,1046,6,1717,1,14,27,141,341,2,0,27,55,0,1,9,0,11,0,0,242,0,358,6,0,0,2,14,2,0,1,0,8,1,2774,3,25,0,53,131,89,35,1,0,1420,5,1301,3,94,196,0,426,268,166,41,0,297,0,0,9,0,18,2,37,0,10,60,31,77,32,4,0,53,23,2,0,3348,15,18,0,1,198,8,0,0,0,0,98,0,0,0,0,2,521,15,366,1,131,1,70,1,21,1638,22,2300,9,679,0,0,309,4,15042,4,11,3024,8,203,3,620,54,1035,401,4,38,15,1331,79,1988,3,5,526,43,21,0,0,0,0,0,0,96,402,107,17,122,35,11,542,6,83,539,3,0,16,3,3500,3,37,108,17,62,2,1,0,53,11,2525,9,31,1,9,3,42,17,2,5,0,0,40,2,137,0,19,2,15,1,0,0,0,0,13,290,2,4,9,0,4284,0,54,3,0,0,0,0,0,0,192,19,82,0,5,4,1,6,115,2,0,607,13,7,1,0,0,14,5,3,5,0,2,8,4,8,24,473,417,190,5,89,0,0,0,29,0,2,1,0,64,1,13,550,9,0,0,15,0,60,21,23,14,83,0,0,0,234,0,9,2,0,0,0,0,0,3,0,4,11,9,12,0,139,8,0,0,10,9,4,6,3,10,0,68,6,31,1,0,0,1,0,2,0,0,1,0,0,0,1,1,0,1,0,0,0,0,0,0,0,0,0,0,1,0,0,0,0,0,0,0,0,0,0,0,0,0,0,0,0,0,0,0,0,0,0,0,0,0,0,0,0,0,54,35,0,0,19,30,2,0,0,0,1,0,0,0,6,0,2,0,0,7,1,1,1,0,0,0,0,0,1,0,1,544,11,1,0,0,0,0,1,0,4,3,0,0,6,5,0,0,3,0,0,0,0,0,0,29,0,0,1,0,0,0,0,0,1,3,0,10,6,116,0,0,0,1,1,0,0,0,114,1,8,0,2,0,0,0,76,0,0,0,0,3,1,7,33,28,13,20,0,108,3,3,0,0,3,0,0,0,47,0,6,0,0,4,19,0,0,2,2,39,1,0,4,3,32,1,0,4,0,0,0,0,6,2,2,782,7,188,2,61,10,0,0,1,0,0,0,0,3,0,1,110,0,0,298,1280,39,441,2,1,4,0,0,43,11,2,5,0,152,1,1,0,2,1,0,18,24,13,0,4,17,0,0,5,19,0,1,12,2,0,0,0,14,64,1,0,106,0,0,2,1,0,0,0,1,0,0,0,0,21,0,0,0,1,0,0,0,65,11,0,0,5,0,0,5,0,0,0,0,1,152,11,0,0,0,0,2,0,0,0,0,0,0,1,0,0,1
N14,N,580,21,8320,63,573,0,1447,36,1319,3,2699,11,2,832,1,2923,22,199,819,0,522,12,2,0,0,0,0,65,6,141,206,4,501,13,23,0,0,1,0,0,3,0,2,0,0,0,0,1,2,0,4,97,557,2,10,1209,842,0,35,2,0,183,2,2,0,1603,0,14,5,9,10,10,13,3,2,0,1,0,28,5,0,0,0,3,80,58,79,14,1,106,65,52359,19,1552,3,359582,1401,3,0,0,0,4,8,1,6,0,40,0,557,0,59,914,21,2,5,0,9,0,1043,0,3584,7,823,0,39,3,42,194,5,3,31,53,2,2,77,0,8,1,1,134,0,50,3,0,0,2,14,3,3,0,0,2,1,1078,2,21,0,299,22,162,8,9,0,964,0,5,0,5,290,0,85,98,15,139,0,598,0,0,4,0,76,1,131,1,3,31,33,60,512,0,0,28,6,3,0,1474,56,4,0,5,106,6,0,0,0,0,141,0,0,0,0,0,1957,10,67,2,43,0,129,0,3,467,0,886,7,581,0,0,103,3,13096,0,6,890,1,145,0,285,458,77,429,1,1,16,1422,88,2021,7,5,869,199,4,0,0,0,0,0,0,261,502,63,5,116,35,8,4149,3,295,723,35,3,23,0,2284,0,90,36,0,18,5,1,0,5,4,2647,4,16,2,21,6,269,30,27,2,11,0,16,0,110,0,3,2,5,0,1,0,0,1,179,105,13,6,20,0,308,0,33,1,0,0,1,0,1,0,460,19,63,0,1,0,1,1,29,2,3,97,8,2,1,0,0,10,7,1,4,7,0,8,0,1,15,223,572,73,42,27,1,1,0,0,0,1,0,0,274,1,69,5145,11,0,0,0,1,30,4,10,23,398,5,6,0,59,0,2,16,0,0,0,0,0,1,0,1,7,1,9,1,69,2,0,0,5,1,3,37,11,2,0,62,19,60,1,0,0,0,1,0,0,0,0,0,0,1,1,2,1,6,0,0,0,0,0,0,0,0,0,0,0,0,0,1,0,0,0,0,0,0,0,0,0,0,1,0,0,0,0,0,0,0,0,0,0,0,0,0,0,0,90,7,0,0,76,12,0,0,0,0,1,1,0,0,3,0,0,0,0,3,5,16,22,0,0,0,1,0,0,0,0,298,3,2,0,0,0,0,0,16,1,1,1,1,7,15,0,0,2,0,0,0,1,0,0,108,0,0,2,0,0,0,0,3,0,2,0,3,2,1,4,0,0,1,2,0,0,0,28,1,11,0,2,2,0,0,13,0,0,0,0,0,0,7,77,43,0,3,3,18,0,2,0,0,4,0,0,0,56,1,3,0,0,0,2,0,0,0,1,33,4,1,0,0,6,1,0,1,0,0,0,0,6,4,2,395,2,194,6,16,7,0,0,0,0,0,0,0,0,0,1,19,22,0,107,2631,14,120,1,0,1,0,0,4,6,1,1,15,47,0,11,0,3,0,0,8,125,4,0,3,15,0,0,1,6,12,3,1,0,0,0,0,2,59,0,0,134,2,0,2,0,0,0,0,1,0,0,1,0,3,0,0,0,1,1,0,0,25,10,0,3,2,4,4,1,0,2,1,0,10,228,26,7,3,1,0,4,0,0,0,0,0,1,0,7,0,0
N15,N,667,7,918,12,303,0,35,20,95,1,402,4,0,57,0,201,1,1224,9,1,17,0,4,0,0,0,0,6,6,25,12,3,6,3,0,0,0,0,0,0,0,0,0,0,0,0,0,0,0,0,0,76,195,0,0,155,217,0,7,1,0,5,0,0,0,36,0,1,0,1,1,201,137,0,0,0,0,0,1,1,0,0,0,1,3,5,8,0,0,11,51,872,0,364,0,71,9,2,0,0,0,0,0,0,1,0,1,0,14,0,9,35,2,0,0,0,0,0,107,1,353,4,120,0,4,9,10,13,1,0,0,0,0,0,22,0,1,0,0,41,0,4,0,0,0,0,1,1,0,0,0,0,0,176,0,9,0,5,7,32,1,2,0,20,0,0,0,0,10,0,26,60,20,6,0,35,0,0,1,0,8,0,18,0,2,16,2,3,6,576,9,7,0,1,0,79,0,2,0,0,1,1,0,0,0,0,7,0,0,0,0,0,17,0,1,0,1,0,5,0,1,210,1,135,0,24,0,0,36,0,287,0,1,72,0,44,0,60,1,7,2,0,1,3,53,2,61,1,0,26,6,1,0,0,0,0,0,0,13,27,15,0,37,0,0,63,0,7,56,0,0,6,0,48,0,1,3,0,4,0,0,0,3,0,221,3,0,1,0,0,1,1,0,0,0,0,2,0,3,0,0,0,1,0,0,0,0,0,0,8,0,0,4,0,63,0,8,0,0,0,0,0,0,0,9,4,11,0,2,0,0,0,2,1,1,195,6,0,0,0,0,1,0,0,0,0,1,0,0,0,1,17,9,3,3,1,0,0,0,4,0,0,0,0,1,0,0,1079,1,0,0,1,0,2,0,0,0,10,0,0,1,407,0,0,0,0,0,0,0,0,0,0,1,1,0,0,0,6,0,0,0,35,0,0,0,0,1,0,1,0,3,0,0,0,0,0,0,0,0,0,0,0,0,1,0,1,0,0,0,0,0,0,0,0,0,0,0,0,0,0,0,0,0,0,0,0,0,0,0,0,0,0,0,0,0,0,0,0,0,0,0,0,0,0,0,0,0,0,1,0,0,1,1,0,0,0,0,0,0,0,0,0,0,1,0,0,0,4,0,1,0,0,0,0,0,0,0,1,29,1,1,0,0,0,0,0,0,0,0,0,0,3,2,0,0,0,0,0,0,0,0,0,0,0,0,0,0,0,0,0,0,0,1,0,2,0,3,0,0,0,0,0,0,0,0,11,0,2,0,0,0,0,0,3,0,0,0,0,0,0,0,22,1,0,0,0,2,0,0,0,0,0,0,0,0,3,0,1,0,0,0,0,0,0,0,0,4,0,0,0,1,0,0,0,0,0,0,0,0,1,0,14,110,0,3,1,4,1,0,0,0,0,0,0,0,0,0,0,27,7,0,9,40,2,20,0,0,0,0,0,3,1,0,0,0,2,0,0,0,2,1,0,1,3,0,0,0,3,0,0,0,1,0,0,2,0,0,0,0,0,2,0,0,8,0,0,0,0,0,0,0,0,0,0,0,0,1,0,0,0,0,1,0,0,0,0,0,0,0,1,0,0,0,0,0,0,0,2,0,2,0,0,0,0,0,0,0,0,0,0,0,2,0,0
N16,N,6731,738,43582,468,4670,20,3154,287,11765,68,23502,277,24,4097,18,5654,85,4498,969,0,573,32,13,0,0,0,0,78,32,22,1095,160,3147,660,0,0,0,0,0,0,0,0,0,0,0,0,0,0,0,0,91,1258,12838,31,76,10846,16924,0,226,11,0,63,1,123,0,4245,0,104,5,88,87,20,3,5,1,0,0,0,84,35,0,0,0,19,85,289,1421,5,0,167,415,162350,7,313,1,15128,2196,37,0,0,21,3,40,0,55,0,42,0,298,2,821,6981,164,7,3,4,60,0,641,4,3218,20,1676,1,39,19,209,1274,9,3,47,33,4,4,16,0,2,0,2,258,0,1370,3,0,0,14,57,2,0,0,0,21,1,4809,2,39,1,76,164,44,24,7,0,4293,5,1635,0,796,45,0,1241,423,546,126,0,858,0,0,4,0,20,2,37,0,1,19,3,198,3,2,0,67,59,4,0,17716,65,61,0,2,737,58,0,0,0,0,673,3,0,0,0,1,542,48,250,8,345,1,171,1,79,1745,1,2731,4,1282,0,2,887,2,35159,12,106,6718,25,271,1,904,147,2148,915,2,9,13,3336,207,1101,9,50,1230,68,78,3,0,0,0,0,0,394,3268,129,45,82,33,17,1140,33,396,4303,1,0,80,23,1990,2,38,147,5,33,2,3,1,52,16,6324,41,143,1,12,3,45,17,6,17,0,0,142,5,127,0,27,1,30,1,0,0,1,0,18,755,40,26,4,0,6157,0,323,5,0,0,0,0,0,0,779,137,182,6,0,5,2,4,280,17,0,1796,26,14,11,3,0,30,8,0,15,2,3,18,18,32,9,170,3463,791,9,177,0,1,0,86,0,4,0,0,808,4,128,409,22,0,0,26,1,159,37,1,1,88,1,1,1,11,0,16,15,0,0,1,0,2,0,0,17,59,23,15,1,462,34,0,0,34,21,3,7,10,9,9,212,0,110,1,0,2,0,0,0,0,1,1,0,0,0,0,0,0,0,0,0,0,0,0,0,0,0,0,0,0,0,0,0,0,0,0,0,0,0,0,0,0,0,0,0,0,0,0,0,0,0,0,0,0,0,0,0,0,0,108,227,0,0,193,61,2,0,8,4,2,0,2,0,10,1,3,0,0,3,1,0,0,1,0,0,0,0,1,0,4,859,8,2,0,0,3,0,0,3,1,2,0,0,35,8,0,0,10,0,0,0,0,0,0,13,0,1,0,0,0,0,2,3,0,0,1,4,8,64,0,0,0,0,3,0,0,8,241,0,32,0,16,2,0,0,566,0,0,2,0,2,1,2,30,45,28,51,1,27,3,6,1,1,1,0,0,4,121,0,11,0,0,17,17,0,0,10,5,27,0,0,3,2,4,3,0,4,0,0,0,0,36,11,6,680,3,110,1,136,13,1,0,2,0,0,0,0,1,3,0,134,1,0,1206,2613,63,848,12,4,2,0,0,101,39,2,50,3,32,0,1,0,3,4,0,42,42,2,0,5,16,0,0,15,7,0,0,22,0,1,0,0,17,4,4,1,170,0,0,0,0,0,0,0,0,0,2,0,1,8,3,0,0,1,2,0,0,28,21,0,1,5,0,0,2,0,1,0,0,3,105,39,20,0,0,0,8,1,0,0,1,2,1,0,0,5,2
N17,N,3671,1051,33730,479,2203,2,2124,222,8011,65,24312,302,41,6926,19,5481,101,7328,1337,2,2641,78,17,0,0,0,0,198,42,32,702,34,3648,74,3,0,0,1,0,0,1,0,4,4,0,0,0,0,24,0,54,3549,46295,29,116,8751,10924,0,593,18,0,196,0,24,0,5124,0,71,20,113,72,24,5,21,3,0,13,0,212,157,3,4,0,0,73,286,1189,11,0,399,706,407388,20,341,0,18417,5153,37,0,0,42,3,92,4,114,1,48,0,293,2,848,9188,267,45,32,19,85,0,1116,3,4633,8,2174,1,65,7,207,1236,18,9,174,104,8,22,12,0,1,1,16,281,0,1097,3,28,0,11,53,7,0,0,0,86,2,4298,0,23,3,197,109,59,9,17,0,8741,13,273,0,1611,53,0,1593,609,806,665,0,4260,0,0,9,0,47,1,62,0,1,27,29,1531,106,1,0,129,77,2,0,25320,60,19,0,13,1464,135,0,0,0,0,1783,7,0,0,0,1,531,38,235,10,152,2,647,4,47,1826,1,2974,9,3136,7,4,561,6,54672,13,170,11920,36,534,1,1561,187,1238,1698,0,21,81,7090,473,2024,20,15,3202,149,67,5,0,0,0,0,0,988,3199,230,32,163,66,17,2369,37,1333,4767,18,2,173,33,898,9,89,124,8,19,22,4,3,101,15,6556,69,707,6,40,12,156,34,21,34,7,0,253,24,127,3,15,0,68,5,0,0,1,0,36,603,76,20,34,0,1312,1,1150,19,2,0,0,2,0,0,3254,169,467,5,0,5,5,18,1173,135,2,339,18,69,75,25,1,138,44,0,39,10,23,93,91,34,18,208,12159,1907,13,173,1,1,2,117,2,9,0,0,4437,16,801,331,43,0,0,24,1,1259,260,3,18,131,0,10,0,10,4,53,38,1,0,0,4,1,2,0,50,277,32,122,8,574,63,0,0,118,11,4,5,5,6,5,407,1,126,7,0,1,1,0,0,0,0,0,0,0,0,2,0,3,0,0,0,0,0,0,0,0,0,0,0,0,0,0,0,0,0,0,0,0,0,0,0,0,0,0,0,0,0,0,0,0,0,0,0,0,0,0,1,0,0,77,89,0,0,1230,64,16,6,10,3,6,4,2,0,33,0,3,0,0,0,0,0,1,0,0,0,2,0,8,0,4,934,8,15,3,2,0,0,3,19,2,4,5,1,126,26,1,0,11,0,0,0,0,0,0,0,0,1,0,0,0,0,4,7,1,2,5,2,22,7,2,0,0,2,0,0,0,14,49,7,159,0,126,34,0,0,221,0,0,6,0,2,0,10,21,126,47,69,0,69,9,50,1,1,0,1,0,6,227,3,16,0,0,10,33,0,0,9,18,44,0,0,27,2,9,7,0,40,0,0,0,0,210,65,9,820,4,145,7,117,29,0,0,0,0,0,0,1,3,4,3,98,5,0,1038,5455,83,891,13,6,1,0,0,23,22,9,6,3,48,0,1,0,11,3,0,64,50,28,0,28,50,0,0,16,8,14,2,10,1,3,0,0,96,14,6,0,175,0,0,0,0,0,0,0,1,0,1,0,4,13,3,0,0,0,1,0,0,15,46,0,13,0,1,0,8,0,11,0,0,12,146,48,17,2,0,0,18,1,0,0,0,3,17,0,1,21,2
N18,N,3276,476,40209,396,3096,6,1684,242,9964,38,17660,97,16,5677,14,8877,94,3462,1122,2,1622,35,95,0,0,0,1,288,53,56,1084,32,2455,25,1,1,0,0,0,0,1,0,9,6,0,0,0,1,8,0,25,1899,24676,35,56,17487,20780,0,501,22,0,153,0,21,0,2257,0,79,12,192,109,22,18,11,151,0,6,0,231,86,0,1,0,34,141,186,551,29,0,1137,2196,233496,19,2843,2,18860,2392,98,0,0,278,5,129,2,110,0,49,0,907,2,756,7879,344,16,22,10,200,0,3027,5,7061,33,5355,0,106,18,173,1058,31,2,89,37,5,10,36,0,7,0,1,1659,1,1003,4,4,0,2,19,6,2,0,0,72,0,4461,1,14,0,151,130,99,39,17,0,7144,9,607,0,230,299,0,1114,499,907,524,0,2363,0,0,28,1,83,1,201,0,4,39,86,1114,299,2,0,289,52,17,1,119248,113,27,0,43,616,63,0,6,1,2,759,0,0,0,0,0,767,83,260,16,145,2,4058,8,64,1370,5,1721,11,3088,2,1,669,12,43577,4,55,8694,44,825,11,1416,204,1194,1164,0,11,40,6524,309,3302,9,32,3450,243,56,6,0,2,0,1,0,1201,2327,183,33,273,84,48,4424,30,1116,3550,23,5,374,38,1605,7,76,174,35,57,21,3,4,57,15,2613,30,310,3,770,116,107,80,10,33,4,0,292,10,487,6,17,7,190,6,1,1,1,0,42,521,52,22,55,0,1195,0,509,8,0,0,2,0,2,0,2395,116,278,3,4,7,8,10,439,91,1,224,31,31,25,15,0,77,10,1,37,9,15,77,21,48,29,587,1683,154,62,205,3,2,0,97,0,9,1,0,753,1,137,2695,61,0,0,36,2,127,26,32,65,214,1,7,0,69,0,31,16,0,1,0,0,1,7,0,33,101,30,58,3,485,26,0,2,58,11,3,10,6,5,3,61,5,191,27,0,0,0,3,1,0,2,4,0,1,0,2,3,2,2,0,0,1,0,0,0,0,0,1,0,0,0,1,0,0,0,0,0,0,0,0,0,0,1,0,0,0,0,0,0,0,0,0,0,0,0,0,0,0,0,84,63,1,0,213,23,11,2,14,15,2,0,2,0,17,2,5,2,0,1,2,1,3,0,0,0,0,0,4,0,2,787,5,19,1,0,0,0,0,10,14,5,1,1,105,19,0,0,4,0,0,0,1,0,0,15,0,0,2,0,0,0,0,4,2,2,1,12,8,12,1,0,0,1,5,1,0,10,98,6,85,1,47,15,0,0,247,0,0,4,0,6,1,5,102,75,27,50,1,78,10,24,2,7,12,0,0,6,146,2,7,0,0,2,37,0,0,6,3,44,1,0,1,5,23,5,0,29,0,0,0,0,191,29,11,1422,54,407,12,191,32,0,0,1,2,0,0,9,1,8,10,415,30,0,958,3288,76,756,15,8,0,0,0,40,123,12,0,5,179,0,1,0,10,6,0,42,117,491,0,12,55,0,0,7,26,11,1,15,3,0,0,0,27,47,2,0,196,3,0,3,5,0,0,1,0,0,0,0,0,18,5,0,0,1,1,0,0,7,24,0,6,1,1,0,1,0,6,1,0,1,51,1,11,0,2,0,4,1,0,0,0,2,6,0,0,3,0
N19,N,4910,568,80226,470,5162,1,5535,294,21923,42,37513,205,17,8095,23,11665,110,11508,902,0,1783,29,20,0,0,0,0,338,38,41,860,19,6062,64,2,0,0,0,0,0,3,0,2,15,1,1,0,1,0,0,53,3571,24188,29,61,14472,10957,0,730,29,0,88,0,8,0,4581,0,219,17,273,75,21,5,24,3,0,8,0,338,43,1,1,0,41,266,638,1204,31,0,783,593,290717,65,2609,4,12949,2111,76,0,0,101,1,187,0,271,0,47,1,232,2,660,13688,602,28,25,7,137,0,823,6,4457,14,2393,1,96,26,238,2432,8,5,133,62,8,26,79,0,11,2,0,3434,0,1369,6,1,0,31,166,7,1,0,0,42,3,5126,1,14,0,726,404,220,146,22,0,5165,12,60,1,1466,60,0,1982,268,718,394,1,1744,1,0,30,1,114,0,146,1,1,24,66,647,222,0,0,422,47,15,2,79547,54,91,0,19,1747,99,0,2,0,0,1203,3,1,0,0,3,2964,238,864,19,458,1,741,0,171,2496,2,4071,24,4895,1,1,636,14,40846,5,73,11567,8,456,8,1116,625,2730,1775,2,21,18,5014,407,2439,27,96,2783,177,120,3,0,0,0,0,0,1083,4992,167,23,143,58,38,1544,27,857,3859,13,5,167,26,4800,2,114,457,15,59,9,11,3,135,29,10386,31,245,4,69,8,92,53,15,23,2,0,241,12,987,13,16,8,68,4,0,0,2,0,68,735,129,110,30,0,1170,0,307,7,3,0,0,0,0,0,1270,88,144,1,2,1,5,8,381,66,3,645,25,37,14,5,1,36,38,29,58,4,8,39,37,106,37,814,1939,397,51,403,3,2,0,108,0,30,0,0,1315,0,111,3623,56,0,0,64,0,174,91,2,41,279,0,3,2,78,5,37,14,0,1,0,1,1,5,0,54,205,17,198,4,547,106,0,1,72,41,2,21,16,11,28,197,0,105,30,0,0,2,0,1,1,3,3,0,0,0,8,5,3,8,0,0,0,0,0,0,0,0,0,0,0,0,0,0,0,0,0,0,0,0,0,0,0,0,0,0,0,0,0,0,0,0,0,0,0,0,0,0,0,0,161,277,1,0,237,36,25,0,20,6,4,1,1,0,16,0,1,0,0,3,0,0,0,0,0,0,0,0,7,0,2,968,4,5,0,2,1,1,1,4,5,16,0,1,63,60,1,0,14,0,0,0,0,0,0,26,1,4,1,0,2,0,1,3,0,0,6,8,18,5,0,0,0,1,7,0,0,11,254,1,28,0,38,7,0,0,1323,0,0,2,0,4,0,9,187,154,30,43,0,155,4,20,1,7,10,0,0,1,89,3,15,0,0,37,70,0,0,20,34,89,1,0,0,26,103,32,0,18,0,0,0,0,35,12,4,1298,19,216,21,285,43,0,0,3,4,0,0,5,6,6,9,191,34,0,1592,3840,109,984,32,2,4,0,0,26,21,16,12,7,70,0,1,0,6,1,0,22,31,5,0,7,33,1,0,13,38,57,4,22,0,0,0,0,8,9,4,0,166,4,0,2,9,0,0,1,0,0,0,0,0,20,4,1,0,1,8,1,0,12,52,0,13,1,5,11,7,0,3,0,0,16,204,4,3,1,0,0,30,2,0,0,0,8,6,0,1,6,0
N20,N,5876,643,55768,686,4537,18,2000,264,13716,84,12618,147,20,3468,9,3662,54,1345,1695,0,1120,59,32,0,0,0,1,64,33,34,376,64,1894,548,1,0,0,0,0,0,0,0,3,1,0,1,0,2,1,0,133,3774,23106,40,115,6420,10840,0,277,6,0,69,0,9,0,3947,0,77,8,42,58,13,5,8,9,0,28,0,87,23,0,1,0,3,34,297,681,44,2,172,797,78022,14,268,2,20416,1664,70,0,1,51,5,112,3,38,0,51,0,174,1,643,7532,77,3,13,6,68,0,752,2,2343,13,1554,2,32,15,336,826,8,10,87,79,5,6,30,0,9,0,27,317,0,872,12,5,0,12,59,3,1,0,0,21,1,8033,4,42,2,157,166,84,34,7,1,2549,9,8,0,292,315,0,2503,590,770,178,2,1197,0,0,28,1,1050,4,740,0,1,19,19,1112,185,2,0,77,62,10,0,14005,41,25,0,6,536,27,0,0,0,0,642,7,0,0,0,2,204,13,310,18,319,0,235,0,63,1962,16,3226,12,1177,1,2,934,8,34952,6,125,4488,36,362,1,921,106,1592,717,4,10,11,5383,387,1566,23,50,2593,250,53,1,0,0,0,0,0,261,1752,138,41,107,38,13,1150,17,407,3540,11,2,79,14,3296,8,34,75,17,82,9,3,0,55,11,14871,71,184,2,5,2,144,33,25,43,8,0,80,3,142,1,88,0,53,12,3,0,0,0,46,578,51,32,10,0,5881,0,280,10,1,0,0,0,0,0,625,107,73,2,0,4,2,12,463,19,1,1431,28,15,8,3,0,29,9,6,11,1,4,46,7,7,14,498,1362,367,6,145,6,0,0,60,1,1,0,0,258,0,53,587,34,0,0,20,1,138,47,54,23,89,2,1,0,40,1,14,13,0,1,0,0,2,2,0,17,90,17,36,0,404,18,2,0,46,23,2,6,13,12,10,50,2,131,4,0,0,0,0,0,0,0,0,0,0,0,0,0,0,0,0,0,0,0,0,0,0,0,0,0,0,0,0,0,0,0,0,0,0,0,0,0,0,0,0,0,0,0,0,0,0,0,0,0,0,0,0,0,0,0,231,89,0,0,60,30,6,0,2,3,12,0,0,0,8,0,3,2,0,1,1,0,1,0,0,0,0,0,6,0,2,1621,28,5,0,0,0,0,0,0,1,4,1,0,42,15,2,0,6,0,0,0,2,0,0,1,0,0,0,0,0,0,0,2,0,6,2,9,8,70,0,0,0,2,14,0,0,7,90,0,31,0,14,7,0,1,389,0,0,3,1,3,1,36,59,78,32,67,1,40,3,6,2,2,3,0,0,2,206,0,6,0,0,16,10,0,0,2,16,67,0,0,1,3,12,1,0,9,0,0,0,0,133,22,3,1408,7,247,1,110,18,0,0,0,0,0,0,0,3,1,3,95,4,2,498,7031,234,1324,12,7,1,0,0,124,41,6,57,0,121,0,5,0,7,7,0,50,229,14,3,11,23,0,0,9,26,11,2,19,5,2,0,0,42,84,0,0,263,3,0,0,2,0,0,0,1,0,0,0,2,14,4,0,0,4,1,0,0,32,18,0,3,7,0,1,4,0,2,0,0,0,123,0,10,1,2,1,8,6,2,0,0,1,0,0,0,2,3
N21,N,3877,175,31744,129,3217,6,12669,73,4659,8,19134,39,8,5823,0,3655,9,255,5285,2,1110,14,29,0,0,0,1,113,9,305,3639,34,5361,31,7,0,3,11,0,0,1,1,0,1,0,0,0,1,5,0,11,109,1617,11,32,3987,3053,0,91,4,0,1022,2,38,0,1051,0,347,177,47,14,1,0,3,1057,10,144,0,50,23,0,1,0,11,112,155,247,1276,74,517,159,26392,35,454,5,172452,888,24,0,0,41,3,214,2,77,0,101,1,821,1,256,3952,61,13,14,2,48,0,567,0,7123,2,1756,0,48,1,96,8907,43,15,183,369,2,5,184,0,30,5,22,363,2,327,14,15,1,3,17,0,0,0,0,16,82,4191,2,12,0,1260,49,347,14,27,0,4732,0,2,0,4,265,0,179,99,99,308,0,1389,0,0,665,46,9179,50,16865,37,0,10,53,199,137,4,0,91,45,0,0,15128,241,12,0,10,342,17,0,0,0,0,450,3,0,1,0,4,1199,54,562,7,248,0,1048,0,13,653,0,1172,12,971,1,1,507,5,67694,0,23,4275,11,150,11,470,1817,267,630,1,5,33,6775,175,1889,6,27,4383,288,49,7,0,0,2,0,0,3019,3724,420,24,205,58,32,15298,22,1381,3650,338,31,191,23,3245,3,150,189,0,16,4,3,0,2,19,12368,65,71,2,64,44,649,33,22,13,16,0,121,10,197,11,51,0,99,8,770,334,552,769,1550,953,48,18,15,0,659,0,56,3,0,1,0,1,0,0,1122,35,99,1,1345,0,3,3,217,20,3,377,95,7,4,0,0,15,17,0,4,5,2,29,8,35,21,471,8970,839,163,165,279,0,0,6,0,3,46,16,2005,4,275,2097,15,0,0,12,0,188,72,29,177,1644,0,4,0,30,0,11,137,0,1,1,4,0,5,0,3,24,5,89,0,216,2,0,0,18,22,3,45,41,12,8,309,6,169,32,0,4,10,9,2,4,0,0,0,0,1,7,13,13,21,0,0,0,0,0,0,0,0,0,0,0,0,0,0,0,0,0,0,0,0,0,0,0,0,0,0,0,0,0,0,0,1,0,0,0,0,0,0,0,0,75,19,1,0,384,39,13,0,6,4,1,1,1,4,14,0,4,6,0,1,5,57,11,0,0,0,15,0,4,0,6,407,4,8,9,0,0,0,1,38,1,13,8,10,45,121,0,0,13,0,1,0,0,1,0,58,1,0,1,0,0,0,0,3,5,14,4,3,8,3,9,0,0,3,52,1,0,10,95,0,17,0,15,6,0,0,161,2,0,0,0,1,0,18,39,238,15,37,8,45,1,10,2,6,2,1,0,12,59,2,13,0,1,3,4,0,0,1,1,99,3,31,84,2,12,0,1,2,1,4,1,0,70,55,3,1692,7,2658,36,35,18,0,0,6,1,0,0,10,0,1,2,199,39,0,693,6294,56,273,5,0,1,0,4,90,7,7,1,18,21,0,0,0,3,1,0,9,299,3,0,4,13,0,0,2,13,7,1,39,6,3,0,0,5,14,15,0,623,10,5,5,6,0,0,0,8,2,3,2,0,4,1,0,0,7,4,1,0,17,15,0,8,0,29,13,0,0,6,1,0,5,97,79,2,9,0,0,14,1,0,0,2,8,3,0,0,10,1
N22,N,7516,767,71032,673,5675,11,4874,250,14414,78,28917,167,47,7199,34,5080,66,3989,2893,7,2397,105,19,0,0,0,0,120,45,46,1179,228,5149,892,6,0,0,0,0,0,0,0,0,0,0,0,0,0,3,0,163,3892,30072,46,112,12004,17003,0,232,10,0,89,1,7,0,10086,0,92,3,82,97,6,6,5,91,4,64,0,137,26,1,0,0,5,39,583,1824,212,4,121,344,73704,36,66,0,22040,1090,44,0,0,59,2,169,1,55,0,28,0,125,0,876,13879,138,13,19,4,38,0,413,2,2127,5,1295,1,43,21,617,2525,7,6,133,180,16,21,45,0,7,0,138,298,0,1894,16,12,0,15,36,2,1,0,0,26,5,10578,1,44,1,262,132,84,25,22,0,5064,14,61,0,761,94,0,4264,385,1353,335,1,1979,0,0,148,7,4292,19,3006,2,3,12,22,1087,4,2,0,163,164,10,0,16897,23,63,1,11,737,56,0,1,0,0,393,3,0,0,0,3,131,3,356,28,1040,1,66,0,30,1518,1,4206,11,1400,1,1,1583,0,62961,4,143,9383,58,198,1,1048,279,2686,1107,0,16,7,10438,856,2110,26,85,5668,203,122,3,0,0,1,0,0,490,3451,114,48,79,30,18,1450,20,733,6082,31,6,113,39,3329,3,31,120,7,73,3,3,1,65,10,29597,62,131,3,30,8,166,30,66,64,19,0,110,8,112,2,69,0,111,17,1,2,1,2,50,877,52,55,17,0,4933,0,131,3,0,0,0,0,0,0,796,153,34,0,74,4,2,7,530,12,0,2772,29,17,4,1,0,31,10,10,4,1,3,41,5,11,21,437,4295,750,11,204,14,0,2,35,0,0,0,0,510,2,60,127,25,0,0,28,0,156,119,28,23,52,0,5,0,4,3,10,72,1,0,1,0,2,4,0,17,80,22,50,0,821,32,0,0,67,22,0,7,8,9,22,79,1,112,5,0,1,2,0,1,0,0,1,0,0,0,0,0,2,1,0,0,0,0,0,0,0,0,0,0,1,0,0,0,0,0,0,0,0,0,0,0,0,0,0,0,0,0,0,0,0,0,0,0,0,0,0,0,0,0,145,201,0,0,112,84,4,0,4,2,12,1,3,0,14,1,2,9,0,3,2,0,1,0,0,0,0,0,16,0,5,1016,36,7,3,0,0,0,1,5,2,8,1,0,51,32,2,0,6,0,0,0,0,0,0,4,0,1,1,1,0,0,0,1,2,3,4,9,11,73,0,0,0,1,6,0,0,24,134,0,11,0,15,0,0,0,1089,0,0,0,0,4,1,31,27,178,47,89,2,31,3,7,0,2,0,0,0,4,188,0,7,0,0,25,22,0,0,11,38,65,1,0,1,2,5,1,0,12,0,0,0,0,436,36,0,1058,8,163,2,204,29,0,1,3,0,0,0,0,3,0,0,184,8,0,904,9004,197,953,12,5,9,0,0,88,18,24,30,2,44,1,1,0,3,4,0,58,284,15,2,15,14,0,0,13,26,19,0,12,1,1,0,0,23,16,2,0,278,1,0,0,0,0,0,0,9,0,0,0,1,12,3,0,0,1,2,0,0,8,35,0,3,3,0,0,0,0,0,0,0,1,27,4,22,0,0,0,0,1,5,0,8,2,0,0,0,4,6
N23,N,4930,48,5486,65,1411,1,380,40,972,5,3860,8,2,1323,3,602,7,294,364,0,547,10,218,0,0,0,1,47,23,117,630,22,701,28,0,0,0,7,0,0,0,0,0,0,0,0,0,0,1,0,15,1045,11698,4,17,1043,708,0,33,3,0,27,2,4,3,1093,0,28,4,6,4,11,3,2,287,1,67,0,12,5,0,5,0,1,13,58,84,400,7,179,250,17762,6,947,6,1446,265,35,0,0,41,0,20,1,20,0,11,0,109,0,60,1382,36,1,1,0,28,0,276,0,1054,16,430,0,31,23,137,442,10,4,37,19,3,4,88,0,14,0,1,291,0,155,0,16,0,1,6,6,1,0,0,17,10,1104,2,20,2,54,70,14,2,3,0,501,1,2,0,9,26,0,131,673,67,214,1,1336,0,0,181,4,1086,27,855,1,0,4,46,131,83,23,0,59,28,1,0,2568,2,18,0,2,91,1,3,0,0,0,209,1,0,0,0,0,88,2,95,4,43,0,144,0,3,1129,1,1726,4,478,2,1,142,1,7240,0,3,1983,5,427,6,1264,20,68,142,2,3,6,1230,70,884,1,3,1012,37,18,1,1,0,0,0,0,265,307,223,13,283,13,13,620,3,236,327,137,14,77,15,351,0,7,22,4,8,2,1,1,18,2,882,10,13,0,13,1,56,24,12,0,1,1,32,1,53,0,11,0,37,1,135,31,48,46,34,148,11,4,23,0,65,1,17,0,1,0,0,0,0,0,268,6,175,0,37,0,0,1,53,11,0,201,4,4,1,0,0,9,1,0,2,0,1,2,2,4,11,132,3164,392,13,31,82,0,0,2,0,0,19,3,534,1,50,1914,9,0,0,3,0,30,6,7,27,36,0,0,2,155,0,0,11,1,1,0,1,1,2,0,3,12,4,6,0,83,5,0,0,7,5,5,1,1,3,1,44,0,12,3,0,0,3,1,1,0,0,0,0,0,0,4,2,1,1,0,0,0,0,0,0,0,0,0,0,0,0,0,0,0,0,0,0,0,0,0,0,0,0,0,0,0,0,0,0,0,0,0,0,0,0,1,0,0,0,34,18,0,2,65,34,1,0,0,3,0,0,1,6,1,0,7,1,0,2,1,3,0,0,0,0,1,0,1,0,1,117,5,3,0,0,0,0,3,7,1,0,0,1,12,7,0,0,2,0,0,0,0,0,0,7,0,0,0,0,0,0,0,3,1,12,1,0,2,6,0,0,0,4,14,0,0,3,13,1,2,0,1,2,0,0,48,0,0,1,0,3,1,5,9,37,9,8,0,51,1,1,0,0,0,0,0,1,100,0,4,0,0,2,16,0,0,0,1,6,1,3,13,0,2,3,0,0,0,1,0,0,8,3,5,354,4,234,3,47,8,0,1,1,0,0,0,0,0,0,2,41,17,0,130,559,11,180,0,1,0,0,0,17,141,0,2,0,66,2,0,0,2,1,0,6,361,4,0,0,6,0,0,3,11,4,1,9,1,1,0,0,4,6,0,0,75,0,0,2,0,0,0,0,1,0,0,0,1,11,2,0,0,0,0,0,0,3,6,0,4,0,2,1,0,0,0,0,0,2,90,16,4,1,0,0,1,2,2,0,0,0,2,0,0,0,0
N24,N,3755,76,6932,83,3477,5,365,51,1498,5,2423,27,1,610,1,738,21,447,268,0,137,15,55,0,0,0,0,24,18,59,19,5,376,203,0,0,0,0,1,1,0,0,1,0,0,0,0,0,0,0,23,385,2113,7,23,1698,2134,0,74,4,0,8,10,6,0,1415,0,14,0,8,14,8,11,2,0,0,1,0,38,5,0,0,0,3,12,37,276,1,0,32,64,26740,20,24,0,5352,318,10,0,0,0,0,6,0,15,0,10,0,28,0,117,2228,29,6,3,0,10,0,199,0,298,0,273,0,4,24,83,149,0,0,9,9,0,0,0,0,0,0,0,50,0,269,3,0,0,8,19,7,0,0,0,2,0,427,0,30,0,85,53,43,8,3,0,715,6,1,0,129,16,1,475,520,119,29,0,299,0,0,0,0,3,0,4,0,4,12,0,18,0,3,0,18,10,0,0,2208,5,10,0,1,91,12,0,0,0,0,93,2,0,0,0,0,92,13,46,3,89,0,12,0,14,735,2,1159,2,381,4,1,52,1,2520,0,11,824,10,580,2,1093,29,258,341,0,0,2,1226,107,281,8,12,477,33,16,0,0,0,0,0,0,40,189,97,3,114,7,5,63,0,61,146,2,1,12,3,580,0,10,19,1,20,3,2,1,24,3,1557,2,26,3,4,0,17,13,7,8,2,0,26,2,13,1,43,0,8,0,0,0,0,0,6,52,16,9,2,0,383,0,47,1,0,0,0,0,0,0,119,17,34,3,0,0,0,7,77,4,0,325,5,3,2,0,0,4,6,0,2,0,1,3,0,2,10,75,783,60,2,36,0,0,0,10,0,1,0,0,122,0,3,45,7,0,0,5,1,42,7,1,0,32,0,1,1,5,1,7,3,0,0,0,0,0,1,0,1,6,5,10,0,254,4,0,0,2,3,5,1,3,4,6,26,1,15,0,0,0,0,0,0,0,0,0,0,0,0,0,0,0,0,0,0,1,0,0,0,0,0,0,0,0,0,0,0,0,0,0,0,0,0,0,0,0,0,0,0,0,0,0,0,0,0,0,0,0,0,0,0,0,0,34,29,0,0,30,13,0,0,0,1,2,0,0,0,5,0,4,0,0,4,0,0,0,0,0,0,0,0,2,0,0,138,5,0,0,0,0,0,0,2,0,1,0,0,3,1,0,0,2,0,0,0,0,0,0,0,0,1,0,0,0,0,0,0,3,2,1,1,1,14,0,0,0,2,1,0,0,0,9,0,3,0,2,3,0,0,68,0,0,0,0,4,1,0,8,18,4,5,0,13,0,0,0,0,2,0,0,1,1595,0,5,0,3,13,4,0,0,7,14,14,0,0,0,3,3,0,0,5,0,0,0,0,7,1,5,71,2,20,1,28,5,0,0,0,0,0,0,1,0,0,0,19,0,0,116,1377,31,121,5,0,0,3,0,11,0,1,15,0,16,1,8,0,0,2,0,5,33,63,0,4,6,0,0,4,4,3,0,1,1,1,0,0,0,3,0,0,17,0,0,0,0,0,0,0,0,0,0,1,26,1,1,0,0,3,0,0,0,214,5,0,1,0,0,0,0,0,1,0,0,0,2,0,3,1,0,0,0,0,2,0,0,0,0,0,0,1,0
N25,N,267,3,1162,18,371,1,25,7,33,0,53,0,0,36,0,174,15,9,648,0,30,5,3,0,0,4,0,2,1,13,9,0,24,31,0,0,0,1,0,0,0,0,0,0,0,0,0,0,12,0,43,277,1981,33,10,12,9,0,278,15,0,1,1,5,0,174,0,8,0,0,1,0,0,12,0,0,0,0,19,3,0,0,0,2,1,48,47,3,0,4,2,793,2,11,0,329,6,6,0,0,5,3,6,1,3,0,4,0,3,0,63,405,2,2,0,0,0,0,53,0,121,1,33,0,0,3,122,97,0,0,4,4,6,0,4,0,5,1,0,26,0,103,1,0,0,1,17,3,0,0,0,0,1,300,1,1,0,20,63,11,5,1,0,24,0,1,0,0,28,0,284,37,1,11,0,176,0,0,3,0,3,0,8,0,37,12,0,54,0,1,0,5,0,0,0,86,2,5,0,0,43,7,0,0,1,1,6,0,0,1,0,0,126,0,13,0,11,0,0,0,0,94,1,47,0,57,0,0,25,0,412,0,0,16,0,30,0,77,3,42,9,1,7,0,256,47,70,1,1,103,21,1,0,0,0,0,0,0,5,15,30,7,10,6,0,38,0,16,19,1,0,0,0,1107,0,9,13,4,20,1,0,0,1,0,49,0,1,1,0,0,69,24,4,0,4,0,1,0,6,2,19,0,8,0,1,2,4,1,14,9,0,10,1,0,21,0,3,0,2,0,1,0,0,0,2,1,0,0,28,1,0,2,12,4,7,147,3,3,0,0,0,3,17,20,4,1,0,0,0,0,78,190,310,114,3,12,0,0,0,3,0,1,0,0,122,1,0,6,3,0,0,2,0,0,0,0,1,7,0,10,1,14,0,8,11,0,0,0,0,0,0,0,4,1,2,2,0,59,0,0,0,2,1,15,0,2,9,0,7,0,6,1,0,7,0,3,0,1,7,1,0,0,0,0,1,6,1,0,0,0,0,0,0,0,0,0,0,0,0,0,0,0,0,0,0,0,0,0,0,0,0,0,0,0,0,0,0,0,0,0,0,0,0,0,0,0,0,28,26,0,0,27,7,2,0,0,0,0,0,0,0,0,0,0,0,0,0,1,0,0,0,0,0,0,0,0,0,0,85,8,0,0,0,0,0,0,0,0,0,0,0,0,0,0,0,0,0,0,0,0,0,0,5,0,0,0,0,0,0,0,0,0,0,0,0,0,35,0,0,0,0,0,0,0,0,39,0,1,0,0,0,0,0,93,0,0,1,0,1,0,1,2,17,7,0,0,6,0,1,1,0,0,0,0,0,10,0,6,0,0,1,14,0,0,0,0,3,0,0,0,0,3,0,0,0,0,0,0,0,14,8,0,118,2,5,0,0,6,0,0,1,1,0,0,0,0,0,0,0,4,0,5,416,8,40,4,0,0,0,0,30,43,0,5,0,6,0,0,0,8,0,0,2,178,1,0,2,1,0,0,0,10,3,0,13,0,1,0,0,4,7,0,0,83,0,0,0,0,0,0,0,0,0,0,0,0,0,1,0,0,0,0,1,0,5,0,0,0,0,1,0,0,0,0,0,0,1,27,2,1,0,0,0,0,0,0,0,0,0,0,0,0,0,0
N26,N,56824,237,59593,430,37225,4,5420,265,9734,20,40307,82,11,17986,21,16844,169,10200,6560,3,4219,81,51,0,0,47,1,495,44,133,4055,42,3569,45,1,0,0,3,1,0,2,0,2,5,0,1,0,0,16,0,122,5678,49460,109,89,8116,3952,0,572,26,0,137,2,13,2,10728,0,732,41,223,81,29,7,15,770,0,136,0,352,28,3,3,0,135,379,1399,1470,1287,10,997,611,376078,83,2273,6,32968,1847,260,1,0,342,18,585,3,362,0,54,1,348,2,572,15144,674,27,34,7,183,1,2653,28,4773,14,4401,0,87,20,915,4104,30,10,231,322,34,44,146,0,21,6,17,2349,1,1517,9,17,0,8,52,13,4,0,0,78,69,5484,4,37,3,758,441,185,63,55,0,6837,8,527,0,1391,216,0,1749,220,790,838,2,3681,2,0,822,16,2270,45,6785,2,2,20,218,545,577,6,0,843,114,30,0,61936,29,167,0,9,2222,107,5,1,0,1,915,6,0,0,1,1,3463,72,1954,22,1243,2,1414,4,99,10578,2,16957,34,8110,2,2,617,34,55046,5,31,13470,14,5761,23,17747,520,2938,3666,3,35,25,11456,628,9832,35,61,7944,336,152,12,0,0,0,0,1,1153,1503,3884,36,4484,63,47,2423,17,1361,1910,766,20,226,18,8372,2,166,531,37,89,13,11,4,155,21,7052,29,97,5,151,20,378,116,38,15,29,2,314,9,591,68,63,5,401,10,233,375,276,526,149,1104,58,61,52,0,856,0,117,5,1,0,0,0,0,0,1233,39,129,9,239,12,1,36,504,59,2,2091,57,41,11,4,0,45,27,4,17,8,2,16,7,110,253,1149,20388,2425,103,253,113,1,0,37,0,19,28,160,5995,12,269,5935,68,0,0,61,1,372,182,12,150,399,1,9,1,81,2,32,80,0,1,1,4,0,10,0,34,45,21,111,2,785,186,0,0,104,32,5,8,15,8,15,1425,4,81,97,0,1,3,1,2,0,5,2,0,0,0,0,5,4,12,0,0,0,0,0,0,0,0,2,0,0,0,0,0,0,0,0,0,1,0,0,0,0,0,0,0,0,0,0,0,0,0,0,0,0,0,0,0,0,0,73,205,0,0,1012,337,26,1,9,5,5,3,0,2,19,0,9,2,0,1,0,1,16,0,0,2,3,0,10,0,5,711,16,6,1,3,2,0,8,4,9,5,7,1,49,160,2,1,37,0,0,0,0,1,0,149,2,3,0,0,6,0,0,1,2,2,12,14,12,29,1,0,0,7,55,0,0,12,317,0,16,0,33,2,0,0,1175,0,0,2,1,8,15,34,532,200,63,45,4,324,7,12,1,4,5,0,0,3,90,4,39,1,0,1,64,0,0,0,1,67,1,7,48,8,23,34,0,16,0,0,0,0,83,52,6,1953,57,520,54,404,62,0,0,1,1,0,0,4,6,7,17,255,30,0,1068,5297,95,919,39,6,7,0,0,43,47,5,9,3,53,0,2,0,6,8,0,30,116,9,0,11,72,0,0,32,90,53,4,93,3,3,0,0,20,32,74,0,208,5,0,4,3,1,0,1,5,1,2,2,1,10,7,0,1,3,2,0,0,97,18,0,12,0,7,5,3,0,4,0,0,3,46,36,5,1,2,0,11,6,17,0,0,9,6,0,5,5,6
N27,N,16115,103,15126,155,10206,0,938,61,2755,15,7986,26,10,2678,1,1555,21,720,918,4,817,21,11,0,0,5,0,108,14,65,1306,32,815,18,1,0,0,5,0,0,1,0,0,0,0,0,0,0,0,0,5,1573,20860,10,13,2242,2576,0,41,0,0,36,0,16,2,795,0,9,3,27,9,9,2,1,408,4,123,0,40,8,0,0,0,12,33,102,226,356,7,231,365,28210,3,756,4,3618,414,34,0,1,36,2,111,1,55,0,15,0,181,1,103,3086,49,23,7,1,49,0,273,1,1989,13,847,0,32,21,86,746,10,0,46,39,3,11,43,0,6,0,4,326,0,267,2,9,0,2,1,11,0,0,0,26,23,1592,0,32,1,109,27,16,8,12,0,1777,2,4,0,4,74,0,274,285,159,166,0,879,0,0,203,10,1715,26,1801,0,0,9,58,156,59,5,0,119,36,3,2,8967,7,22,0,3,144,14,0,0,0,0,517,1,0,0,0,0,76,6,117,5,62,0,227,0,10,2206,0,3525,5,521,0,0,208,2,16162,2,20,4044,8,1072,1,3650,78,196,233,1,3,12,2030,124,936,5,17,1694,102,17,0,0,0,0,0,0,338,621,1198,8,997,21,18,876,6,363,987,74,11,104,20,497,0,16,27,8,28,2,1,0,21,0,4336,39,43,0,28,3,49,18,3,3,1,0,58,5,71,0,3,0,35,7,176,47,101,87,28,188,12,11,16,0,138,0,39,0,0,0,0,0,1,0,545,28,143,4,31,1,0,10,95,7,0,99,6,4,7,2,0,20,2,0,0,0,3,11,4,9,15,192,3364,401,9,50,64,0,0,0,0,2,1,0,946,0,113,1513,4,0,0,9,0,48,17,15,72,57,0,3,0,117,0,8,13,0,0,0,0,0,3,0,6,10,10,27,0,105,5,0,0,20,2,5,0,3,5,2,58,0,38,8,0,0,0,0,1,0,1,0,0,0,0,1,0,0,1,0,0,0,0,0,0,0,0,0,0,0,0,0,0,0,0,0,0,0,0,0,0,0,0,0,0,0,0,0,0,0,0,0,0,0,0,0,0,0,0,31,17,0,0,213,26,3,0,3,0,2,0,0,9,13,0,13,3,0,0,2,3,5,0,0,0,1,0,4,0,1,244,5,6,2,0,0,0,3,5,2,2,1,0,41,25,0,0,3,0,0,0,0,0,0,2,0,0,0,0,0,0,2,1,2,1,2,1,4,1,1,0,0,2,31,0,0,7,21,0,1,0,15,2,0,0,87,0,0,0,0,0,1,17,21,55,12,18,0,29,2,3,0,0,2,0,0,0,63,1,0,1,0,0,4,0,0,1,2,22,0,2,6,1,5,0,0,2,1,0,1,0,45,7,0,634,3,363,11,51,6,0,0,1,0,0,0,2,1,0,2,103,4,2,177,1121,16,227,1,2,0,0,1,10,12,2,0,0,30,0,3,0,4,2,0,9,171,70,0,4,7,0,0,4,4,3,0,18,3,1,0,0,7,1,1,0,116,1,0,0,1,0,0,0,0,0,1,1,0,9,0,0,0,0,0,0,0,1,3,0,5,1,1,0,0,0,3,0,0,2,21,7,0,0,0,0,1,1,11,1,0,1,1,31,3,2,1
N28,N,5293,100,5949,64,2966,0,362,26,733,3,2260,21,5,455,1,433,2,82,226,0,93,5,12,0,0,15,0,21,13,65,357,84,159,66,1,0,0,0,0,0,0,0,0,0,0,0,0,0,0,0,11,224,1828,3,5,799,1438,0,14,0,0,20,3,12,5,508,1,33,3,0,6,3,0,0,289,0,46,0,13,2,0,1,0,1,6,26,55,331,4,38,227,6252,3,417,1,2080,147,6,0,0,5,2,42,1,12,0,12,0,26,1,85,881,7,0,1,0,24,0,88,4,701,7,147,0,15,20,125,304,4,1,18,5,2,0,32,0,5,0,0,100,0,93,1,5,0,1,3,7,0,0,0,4,15,2044,1,42,0,27,17,10,0,0,0,178,0,1,0,0,9,0,48,209,40,44,0,347,0,0,138,11,2588,12,2588,0,0,1,0,10,21,2,0,28,23,1,1,1465,3,20,0,0,14,1,5,0,0,0,90,0,0,0,0,1,56,3,70,4,44,0,16,1,3,1659,0,2774,1,163,0,0,129,1,4215,1,8,696,5,419,1,999,15,73,63,0,0,0,1006,73,491,1,6,513,27,20,0,0,0,0,0,0,99,475,231,8,292,0,10,207,11,90,475,29,5,71,15,522,1,3,12,3,8,1,1,0,15,0,1308,7,24,1,3,1,20,6,6,8,2,0,12,0,11,0,39,0,6,1,202,49,47,74,8,87,5,6,6,0,547,0,17,0,0,0,0,0,0,0,103,33,49,1,34,0,0,4,28,1,0,474,3,0,1,1,0,3,1,0,1,0,0,1,1,1,2,67,1522,142,7,16,30,0,0,11,0,1,11,30,239,2,14,482,8,0,0,2,0,23,2,4,2,9,0,1,1,81,0,0,12,0,0,0,0,0,2,0,1,2,1,2,0,28,3,0,0,9,1,4,0,0,1,1,34,0,46,1,0,4,3,0,1,0,2,0,0,0,0,0,3,8,6,0,0,0,0,0,0,0,0,0,0,0,0,0,0,0,0,0,0,0,0,0,0,0,0,0,0,0,0,0,0,0,0,0,0,0,0,0,0,0,0,4,12,0,0,66,15,1,0,0,0,0,0,0,18,2,0,19,3,0,8,3,0,0,0,0,0,0,0,3,0,1,101,4,2,1,0,0,0,2,3,1,0,0,0,8,6,1,0,3,0,0,0,0,0,0,1,0,1,0,0,0,0,0,0,2,31,1,0,1,5,0,0,0,1,40,0,0,1,9,0,5,0,0,1,0,0,60,0,0,0,0,0,1,2,11,24,7,12,0,7,3,0,0,0,1,0,0,0,101,0,1,0,0,1,12,0,0,0,0,6,0,1,9,2,7,1,0,1,0,0,0,0,20,2,1,153,1,336,1,27,5,0,0,2,0,0,0,0,0,2,0,100,5,0,54,461,21,78,2,1,0,0,0,59,12,1,1,0,29,0,2,0,3,1,0,1,249,11,0,2,3,0,0,4,20,0,0,23,3,1,0,0,0,1,1,0,119,0,0,1,0,0,0,0,1,0,0,0,2,1,1,0,0,4,2,0,0,8,2,0,2,0,0,2,0,0,0,0,0,0,14,16,3,1,0,0,0,0,0,0,0,0,0,0,1,0,0
N29,N,38,14,103,194,25,0,96,1,4,0,19,2,3,126,0,6,11,0,1152,0,22,0,1,0,0,0,0,1,1,3,0,0,19,0,0,0,0,0,0,0,0,1,0,0,0,0,0,0,0,0,0,20,106,0,0,377,3,0,1,0,0,0,10,0,0,7,0,0,4,0,0,0,0,0,0,0,0,0,21,13,0,0,0,0,1,68,18,0,0,14,16,42,0,0,0,1,5,0,0,0,1,0,6,0,2,0,3,0,1,0,0,78,2,0,0,3,1,0,17,0,73,0,36,0,1,2,18,10,0,5,1,3,2,0,0,0,0,0,0,1,0,16,0,0,0,1,0,0,0,0,0,0,0,176,0,0,0,42,0,73,0,0,0,41,0,0,0,0,0,0,445,235,2,1,0,10,0,0,0,0,0,0,0,0,0,1,0,2,0,0,0,0,1,0,0,2,0,0,0,0,861,1,0,0,0,0,0,0,0,0,0,0,88,0,0,0,2,0,9,0,1,8,0,13,0,1,0,0,0,0,7,0,1,1,0,5,0,7,0,3,6,0,0,9,4,0,9,0,0,0,1,0,0,0,0,0,0,0,0,0,38,0,18,3,0,7,0,5,0,4,0,2,0,36,1,9,8,0,4,3,2,0,0,0,52,0,0,0,0,0,4,0,1,1,0,0,0,0,1,0,4,0,0,1,0,0,0,0,0,0,0,0,0,0,0,0,10,0,0,0,0,0,0,0,2,0,113,0,0,7,0,5,28,17,0,3,0,0,0,0,0,0,0,14,3,0,1,0,1,1,2,6,1047,33,7,5,0,0,0,0,0,0,0,0,0,1,0,172,0,0,0,0,0,1,0,0,5,1,0,0,0,1,0,1,0,0,0,0,0,0,0,0,0,0,0,171,0,283,33,0,0,0,0,0,0,0,1,0,3,0,1,0,6,0,0,0,0,0,0,0,0,0,0,0,0,0,1,0,0,0,0,0,0,0,0,0,0,0,0,0,0,0,0,0,0,0,0,0,0,0,0,0,0,0,0,0,0,0,0,0,0,0,0,0,0,0,0,21,0,0,0,1,2,2,0,0,0,0,0,0,0,0,0,0,0,0,0,0,0,0,0,0,0,0,0,0,0,0,69,0,0,0,0,0,0,0,0,0,0,0,0,0,0,0,0,0,0,0,0,0,0,0,0,0,0,0,0,0,0,0,0,0,0,0,0,0,0,1,0,0,1,0,0,0,0,7,0,0,0,9,0,0,0,0,0,0,0,0,0,0,0,0,2,0,3,0,0,0,0,0,0,2,0,0,1,0,0,0,0,0,0,0,0,0,0,0,1,0,0,0,0,4,0,0,0,0,0,0,0,0,1,0,0,0,0,2,0,0,0,0,0,0,0,0,1,0,0,0,0,0,0,14,430,0,177,0,1,0,0,0,0,0,0,0,0,12,0,0,0,0,0,0,3,0,5,0,0,0,0,0,0,0,0,0,0,0,0,0,0,0,5,0,0,0,0,0,0,0,0,0,0,0,0,0,0,0,2,0,0,0,0,0,0,0,1,138,0,0,0,0,0,0,0,6,0,0,0,0,0,0,0,0,0,0,0,0,0,0,0,0,0,0,0,0
T1,T,3343,12,4217,8,519,0,398,1,244,0,1739,3,0,737,1,1117,7,13,41,0,254,8,114,0,0,0,0,28,289,73,0,2,22,0,1,0,0,0,0,0,0,0,1,1,0,0,0,0,8,0,2,90,381,0,0,121,44,0,34,3,0,18,0,0,0,235,0,42,1,6,1,2,0,1,6,0,120,1,12,1,2,0,0,0,0,12,29,206,7,318,17,2095,20,101,8,2872,16,88,0,0,26,3,21,1,2,1,3,0,5,0,23,94,15,0,2,1,42,0,234,2,453,2,412,2,2,32,5,351,3,1,45,20,1,2,40,0,18,2,0,71,0,40,3,0,0,0,3,10,0,0,0,7,0,143,0,506,3,97,6,35,2,206,1,131,1,8,0,58,12,0,81,301,20,51,1,162,0,0,232,4,903,7,1217,1,0,0,35,0,5,0,0,45,1,0,0,20814,120,26,0,1,172,6,95,0,0,0,8,0,0,0,0,2,181,13,277,4,92,3,53,0,34,733,2,357,4,591,6,7,88,1,1865,1,0,121,0,440,6,341,31,37,205,0,0,3,413,4,188,2,2,205,9,16,1,0,0,0,0,0,243,44,52,1,52,3,1,225,0,105,34,74,3,21,1,638,1,18,41,0,2,0,1,0,31,1,85,0,4,4,46,6,15,3,101,1,31,1,14,0,18,1,16,0,85,3,0,3,0,0,28,30,7,2,2,0,41,0,12,1,1,1,0,0,0,0,49,1,35,0,76,3,4,4,27,1,0,14,4,2,0,1,0,1,2,0,2,4,0,2,0,2,13,26,80,2,37,7,32,0,0,6,0,0,0,0,8,1,0,220,8,1,0,7,0,23,12,0,1,69,0,2,0,11,0,2,0,0,1,0,0,0,0,16,5,1,2,6,0,16,0,0,0,2,4,0,5,3,2,0,7,1,3,1,0,0,0,0,0,0,0,0,0,0,0,0,0,0,0,0,0,0,0,0,0,0,0,0,0,0,0,0,0,0,0,0,0,0,0,0,0,0,0,1,0,0,0,0,0,0,0,0,0,0,0,0,0,0,0,7,9,0,0,6,1,1,0,2,1,0,0,1,0,2,1,0,1,0,2,0,1,0,0,6,0,0,1,1,0,0,39,0,1,6,0,0,0,0,1,0,0,0,1,3,9,0,1,1,0,0,0,0,0,0,6,0,0,0,0,0,1,0,0,2,2,0,2,0,2,1,0,0,1,1,0,0,0,11,0,2,0,3,0,0,0,20,97,0,0,0,0,4,0,61,84,3,3,0,9,0,1,0,0,1,0,0,2,1,0,3,0,1,0,4,0,0,0,0,3,0,0,0,7,12,0,0,2,0,0,0,0,0,1,14,101,3,29,0,36,8,0,0,2,0,0,0,2,3,0,0,18,7,0,86,38,1,36,4,0,0,112,0,1,55,0,0,2,29,3,3,14,0,3,0,0,0,0,0,1,2,2,0,0,4,3,0,2,0,0,2,0,1,9,0,0,3,0,0,0,1,0,0,0,0,0,0,137,0,0,1,0,0,1,0,0,1,0,31,0,2,0,0,0,3,1,0,0,0,7,67,0,1,4,0,4,0,0,0,0,2,1,1,0,0,0,0
T2,T,4990,99,41617,148,4664,3,6649,15,2374,6,16395,28,7,4141,2,7563,28,111,945,0,652,16,120,1,0,0,2,142,13,215,564,3,536,1,5,0,0,0,0,0,0,0,0,0,0,2,0,0,10,0,3,105,1463,1,58,1136,551,0,126,5,0,579,0,2,0,1041,2,92,18,64,19,2,1,4,14,0,563,0,70,11,1,1,0,3,19,213,92,925,67,2015,623,6554,15,13,0,38261,230,15,0,0,32,35,152,1,65,0,159,0,1518,1,262,2050,103,11,3,1,312,0,1356,5,12388,23,4243,0,72,12,147,1667,14,4,62,482,3,4,235,0,36,2,97,633,0,230,0,1,0,0,16,9,4,0,0,14,3,2788,1,9,0,1023,20,447,17,25,0,2864,0,23,0,141,88,0,404,270,222,418,8,1492,1,0,697,65,6039,68,6780,15,1,8,486,67,22151,2,0,442,63,13,1,120815,3179,54,4,48,769,31,0,0,0,0,68,1,0,0,0,4,1361,122,1097,18,948,2,1422,1,353,889,0,288,2,1259,0,6,797,22,28696,0,14,1877,3,329,18,228,344,303,431,1,3,7,4619,51,179,8,7,300,102,46,2,0,0,0,0,0,1616,143,192,2,213,18,6,3767,4,2038,201,919,43,111,8,5508,2,60,269,0,3,4,2,1,2,5,2239,38,16,1,30,6,244,29,19,10,11,0,130,15,530,5,63,1,161,22,7,4,9,16,386,484,39,44,31,0,442,0,32,3,0,0,0,0,0,0,589,9,50,0,58,1,3,2,108,14,1,268,27,1,2,0,0,21,8,0,9,12,2,6,1,33,22,176,1088,29,293,70,128,0,0,10,0,0,0,0,123,0,25,171,58,6,0,33,1,272,89,3,10,1156,1,2,1,16,2,5,2,0,0,0,0,1,3,0,2,8,4,23,0,143,0,1,0,15,26,4,27,21,2,7,107,3,56,5,0,1,4,3,0,0,0,0,9,0,0,1,0,0,0,0,24,5,0,0,0,1,0,0,1,5,1,1,1,0,0,15,1,4,0,0,1,1,1,0,2,0,1,0,1,0,0,1,0,2,0,0,0,0,0,31,27,0,0,59,2,5,1,8,1,1,0,3,0,12,0,10,2,1,25,0,11,19,0,0,4,5,0,2,0,0,255,5,15,0,0,1,0,1,9,1,3,5,4,12,87,7,0,5,0,0,2,0,0,0,9,0,1,1,0,2,0,0,0,1,2,1,5,4,6,68,0,0,0,7,1,0,18,40,3,6,0,1,4,0,0,246,1,0,0,0,1,1,2,252,448,5,30,2,29,2,2,1,1,6,2,0,0,28,1,4,0,0,1,0,0,0,0,0,46,0,0,0,2,9,0,0,5,0,0,0,0,81,83,3,1823,30,333,0,133,65,0,5,1,0,0,0,4,3,7,114,326,117,1,542,7469,90,62,9,2,3,0,3,12,15,4,0,21,6,0,0,0,1,6,0,8,7,4,3,3,29,0,1,1,10,4,1,3,0,1,10,16,1,12,5,1,20,4,2,4,0,20,0,0,5,0,2,5,1,1,1,1,0,2,2,0,9,2,25,8,4,12,0,0,8,1,1,24,1,3,56,0,1,8,0,0,1,0,1,1,2,1,0,1,0,0,1
T3,T,5193,15,5152,14,1274,0,248,2,556,1,5287,6,0,3760,0,2864,4,39,59,1,382,3,59,0,0,0,2,61,9,72,145,2,45,0,0,0,0,0,0,0,0,0,0,1,0,0,0,0,1,0,5,61,201,1,0,460,47,0,34,2,0,14,0,0,0,369,0,83,4,12,9,0,0,1,0,0,12,1,12,5,0,2,0,0,0,35,12,312,2,411,2810,935,1,50,2,115,3,78,0,0,53,50,56,0,5,0,0,0,156,0,82,469,14,0,0,0,1289,1,582,8,1165,9,1434,0,14,117,196,428,4,0,55,20,4,2,21,0,6,5,1,414,0,47,0,0,0,1,15,56,0,0,1,1,0,1366,0,9,0,33,4,10,2,7,0,130,0,71,0,4,6,0,58,117,31,144,0,458,0,0,161,8,775,6,1048,0,0,0,31,7,768,0,0,119,45,10,1,26147,71,23,0,0,25,1,0,0,0,0,5,0,0,0,0,0,26,2,69,3,155,12,319,1,39,278,0,120,0,279,0,7,116,4,3240,1,0,658,1,812,5,572,3,180,115,0,0,1,1398,6,491,0,0,491,9,33,4,0,0,0,0,0,165,70,87,2,136,4,2,122,0,364,185,215,2,30,3,168,0,1,23,1,1,0,4,0,1,0,506,3,0,0,5,0,26,37,1,2,1,0,68,1,136,5,6,0,106,4,1,1,1,1,7,50,4,5,7,0,37,0,3,0,0,1,0,0,0,0,86,4,90,0,2,1,0,3,11,1,0,155,10,0,0,0,0,0,0,0,0,0,0,0,1,6,5,49,40,8,23,35,16,0,0,4,0,1,0,0,7,0,0,496,11,3,0,15,0,7,2,0,0,65,0,77,0,0,0,2,4,0,0,0,0,1,0,0,0,0,0,0,0,14,2,0,0,7,2,0,0,0,2,2,21,0,5,2,0,0,0,0,0,0,0,0,0,0,0,0,0,0,0,0,0,0,0,0,0,0,0,0,0,0,0,0,0,0,0,0,0,0,0,0,0,0,0,0,0,0,0,0,0,0,0,0,0,0,0,0,0,0,0,5,2,0,0,4,2,0,0,1,1,0,0,0,0,1,0,1,0,0,0,0,0,3,0,0,0,0,0,0,0,0,20,0,1,0,1,0,0,0,0,0,0,0,0,16,17,2,0,0,0,0,0,0,0,0,1,0,0,0,0,0,0,0,0,3,0,0,3,3,3,0,0,0,1,2,1,0,4,8,0,0,0,1,0,0,0,163,0,0,0,0,2,56,1,195,24,4,17,0,15,0,0,0,3,1,0,1,0,8,0,0,0,0,1,3,0,0,0,0,6,0,0,0,1,22,0,0,4,0,0,0,0,109,7,1,131,4,15,1,211,5,0,1,0,0,0,0,0,0,0,13,113,7,0,127,99,5,19,5,1,0,0,0,6,10,0,0,1,6,0,0,0,0,5,0,1,2,4,0,2,2,0,0,0,30,12,0,3,0,0,0,1,2,1,0,0,4,2,0,0,0,0,0,0,1,0,0,1,0,1,0,0,0,1,1,0,1,8,10,0,1,0,0,0,0,0,0,0,0,1,15,3,1,0,0,1,1,0,1,0,0,0,0,0,0,0,1
T4,T,1464,12,2536,8,297,0,285,1,58,0,627,6,1,253,0,539,7,0,7,0,156,2,81,0,0,2,0,22,3,105,9,1,16,0,0,0,0,0,0,0,0,0,0,0,0,0,0,0,0,0,0,17,99,0,1,81,33,0,2,0,0,33,0,0,0,173,1,20,1,6,1,0,0,0,1,0,12,0,1,3,0,1,0,0,0,10,26,200,9,588,42,309,6,197,2,904,9,50,0,0,12,2,47,0,14,0,4,0,30,0,25,86,9,0,0,1,14,0,48,0,332,3,155,0,1,77,13,140,1,0,27,7,0,0,20,0,6,2,0,53,0,63,7,0,0,0,4,14,0,1,1,2,1,126,1,7,0,84,6,29,2,7,0,20,0,12,0,27,7,0,39,127,14,56,0,125,0,0,134,3,242,4,770,3,0,0,143,0,854,0,0,31,6,8,0,5423,150,22,0,2,14,2,0,0,0,0,0,0,0,0,0,1,93,6,125,1,71,3,330,0,56,522,0,280,1,354,1,1,103,0,900,0,2,41,1,241,8,171,27,13,23,0,0,0,220,4,232,5,1,147,2,16,1,0,0,0,0,0,4,4,43,1,37,2,0,177,1,77,30,174,16,33,4,155,0,10,20,0,0,1,2,0,19,0,34,0,0,1,9,0,12,2,12,2,12,0,11,1,28,0,7,0,60,0,0,0,0,0,22,19,4,5,0,0,49,0,1,0,0,0,0,0,0,0,33,2,31,0,0,0,0,0,5,2,0,18,2,1,0,0,0,0,1,0,0,1,1,0,0,6,2,10,84,3,21,8,24,0,0,0,0,0,0,0,5,0,0,457,22,2,0,6,0,21,7,0,1,85,0,0,82,17,0,0,0,0,0,0,0,0,1,0,1,0,0,1,0,5,0,0,0,0,1,0,1,1,1,3,7,0,2,0,0,0,0,0,0,0,0,0,0,0,0,0,0,0,0,0,0,0,0,0,0,0,0,0,0,0,0,0,0,0,0,0,0,0,0,0,0,0,0,0,0,0,0,0,0,0,0,0,0,0,0,0,0,0,0,1,3,0,0,2,0,0,0,1,0,0,0,1,0,1,0,1,0,0,1,0,0,1,0,0,0,1,0,0,0,1,12,0,1,1,0,0,0,9,28,0,0,0,0,3,19,0,0,2,0,0,0,0,0,0,0,0,0,0,0,0,0,0,0,0,1,0,0,0,2,5,0,0,0,0,0,1,3,6,0,0,0,0,0,0,0,13,2,0,0,0,0,3,0,228,31,1,7,0,7,0,0,0,1,0,0,0,3,2,1,3,0,1,0,0,0,0,0,0,2,0,0,0,3,10,1,0,0,0,0,0,0,4,3,50,78,2,14,0,4,3,0,0,0,0,0,0,3,1,0,22,2,9,0,51,34,5,3,1,0,1,2,0,3,24,0,0,3,62,3,0,4,0,4,0,1,0,0,0,0,2,1,0,0,4,10,0,0,0,0,0,1,0,1,0,0,2,0,2,0,0,0,0,0,0,0,0,72,0,0,0,0,0,0,0,0,0,9,7,0,0,0,0,0,1,0,0,0,0,9,49,1,0,2,0,2,0,0,0,0,0,0,3,0,0,0,0
T5,T,5342,32,4551,29,673,0,169,2,512,3,5631,8,2,3889,5,1424,0,17,17,0,588,2,87,0,0,3,16,67,4,42,120,3,81,0,0,0,0,0,0,0,0,0,1,0,0,0,0,0,2,0,3,48,105,0,1,649,48,0,42,3,0,16,0,0,0,234,0,74,1,5,6,0,0,0,2,0,59,1,24,2,3,2,1,0,0,37,11,1292,13,209,1330,971,1,30,1,169,3,25,0,0,31,26,24,0,14,0,0,0,130,1,159,1087,17,1,2,0,742,1,562,7,956,8,1130,0,6,281,555,429,2,0,62,6,2,0,33,0,4,9,1,393,0,63,1,0,0,3,33,126,0,1,0,7,0,3867,0,840,23,128,6,17,2,570,5,165,0,127,0,19,14,0,51,91,32,269,1,993,2,0,237,12,2395,14,12355,0,0,0,20,0,4,0,0,454,105,48,0,16574,52,23,0,1,40,1,37,0,0,0,6,0,0,0,0,0,36,6,53,2,98,4,799,5,50,267,0,122,1,298,1,3,149,4,3735,0,2,637,0,896,0,1037,1,368,194,0,2,4,1399,4,343,1,2,467,10,17,0,0,0,0,0,0,323,154,246,4,133,7,4,316,1,388,204,227,3,31,3,316,0,4,44,2,0,0,1,0,6,6,959,10,1,0,41,8,23,22,6,3,3,1,54,2,60,3,3,0,185,5,0,1,0,2,8,123,10,17,14,0,217,0,1,0,0,1,0,0,0,0,119,3,47,0,170,3,0,1,33,3,1,406,50,2,1,0,0,2,1,0,0,0,0,1,0,12,1,41,44,7,25,36,24,0,0,6,0,0,3,0,15,2,2,240,6,5,0,9,0,17,15,0,3,66,0,0,0,32,0,0,0,0,0,0,0,1,1,0,1,2,3,4,1,11,2,0,0,6,22,2,2,0,6,7,46,0,4,3,0,0,0,0,0,0,0,0,0,0,0,0,1,0,0,0,0,0,0,0,0,0,0,0,0,0,0,0,0,0,0,0,0,1,0,0,0,0,0,0,0,0,0,0,0,0,0,0,0,0,0,0,1,0,0,13,87,0,0,3,2,1,0,2,3,0,0,0,0,6,3,2,0,0,2,0,0,1,0,0,0,0,2,2,0,0,28,0,0,1,1,0,0,0,2,1,0,0,0,14,24,5,0,9,0,0,0,0,0,0,1,0,0,0,0,0,0,0,0,2,1,2,3,3,1,0,0,0,0,0,0,0,6,13,0,1,0,0,1,0,0,417,1,0,2,0,0,46,1,257,20,3,4,0,16,1,0,0,0,1,0,0,0,10,0,2,0,0,5,1,1,0,0,2,4,0,0,0,0,0,1,0,1,0,0,0,0,8,3,0,628,17,24,1,344,19,0,3,0,0,0,2,1,3,1,0,168,15,2,114,91,3,25,1,0,0,0,0,2,14,3,0,1,3,0,0,0,2,3,0,0,1,3,0,1,9,0,2,2,45,24,0,0,0,0,1,1,2,1,0,0,2,3,0,0,0,0,0,1,0,0,0,0,0,0,1,0,0,1,0,1,0,3,26,0,2,0,0,1,0,0,0,0,0,0,7,0,1,0,0,0,0,0,0,0,0,0,0,0,0,0,0
T6,T,434,0,980,5,749,0,13,2,299,0,117,0,0,61,1,90,3,29,4,0,11,1,2,0,0,0,0,0,1,1,12,0,19,0,0,0,0,0,0,0,0,0,0,0,0,0,0,0,0,0,0,15,126,0,0,37,16,0,38,0,0,1,0,0,0,42,0,5,0,0,0,1,0,0,0,0,0,0,2,3,0,0,0,0,0,5,2,7,0,10,56,263,0,3,0,73,2,1,0,0,0,0,1,0,0,0,0,0,2,0,18,108,2,0,1,0,6,0,4,0,19,1,17,0,1,0,4,83,0,0,1,2,0,0,0,0,0,0,0,24,0,2,4,0,0,0,1,0,0,0,0,2,0,196,0,22,1,0,1,0,1,2,0,18,0,1,0,2,1,0,90,49,33,4,0,4,0,0,2,0,19,0,106,1,0,0,0,2,3,0,0,0,2,1,0,862,2,0,0,0,8,0,1,0,0,0,2,0,0,0,0,0,6,2,4,0,10,0,12,0,1,47,0,30,0,11,0,0,12,1,443,0,0,39,0,41,0,71,0,93,7,0,0,0,57,0,17,0,0,17,1,0,0,0,0,0,0,0,11,16,4,1,10,2,0,32,0,7,76,1,0,1,0,49,0,0,2,0,2,0,0,0,1,0,353,0,3,0,0,0,0,0,0,0,0,0,10,0,5,1,0,0,1,0,0,0,0,0,0,2,0,0,0,0,11,0,1,0,0,0,0,0,0,0,5,0,5,0,0,0,1,1,5,0,0,2,0,0,1,0,0,1,0,0,1,0,0,0,0,1,0,12,12,10,0,4,0,0,0,8,0,0,0,0,3,0,1,1,0,0,0,1,0,1,0,1,1,2,0,0,0,2,0,0,0,0,0,0,0,0,0,0,0,2,0,0,0,3,0,0,0,0,0,1,0,0,0,0,0,0,0,0,0,0,0,0,0,0,0,0,0,0,0,0,0,0,0,0,0,0,0,0,0,0,0,0,0,0,0,0,0,0,0,0,0,0,0,0,0,0,0,0,0,0,0,0,0,0,0,0,0,0,0,0,0,0,0,1,3,0,0,2,0,0,0,0,0,0,0,0,0,0,0,0,0,0,0,0,0,1,0,0,0,0,0,0,0,0,20,0,1,0,0,0,0,0,0,0,0,0,0,0,0,0,0,0,0,0,0,0,0,0,0,0,0,0,0,0,0,0,0,1,0,0,0,0,0,0,0,0,0,0,0,0,0,2,0,0,0,0,0,0,0,3,0,0,0,0,0,0,0,15,2,0,1,0,1,0,0,0,0,0,0,0,0,0,0,0,0,0,0,1,0,0,0,0,2,0,0,3,0,0,0,0,0,0,0,0,0,0,0,0,4,1,2,0,4,1,0,0,0,0,0,0,0,0,0,0,9,0,0,4,27,1,14,0,0,0,0,0,0,1,2,0,0,4,0,0,0,0,0,0,0,5,6,0,0,0,0,0,0,0,0,0,0,0,0,1,0,1,0,0,0,2,0,0,0,0,0,0,0,0,0,0,0,0,0,0,0,0,0,0,0,0,0,1,0,0,0,0,0,0,0,0,0,0,0,1,0,0,0,0,0,0,0,0,0,0,0,0,0,0,0,0
T7,T,1502,18,3398,5,168,0,276,2,268,1,1103,4,0,604,2,1284,11,0,13,0,533,4,86,0,0,0,0,35,12,157,125,1,46,1,0,0,0,0,0,0,0,0,0,1,0,0,0,0,3,0,1,215,902,0,1,52,13,0,6,0,0,48,0,0,0,504,0,59,4,11,0,0,0,0,1,0,15,0,1,1,4,3,0,1,0,107,24,468,16,4047,141,313,17,96,2,1525,11,237,0,0,63,91,56,0,5,0,80,0,368,0,67,117,30,1,0,0,218,0,540,12,532,1,484,0,2,7,7,697,3,0,34,82,0,2,61,0,6,2,0,225,1,128,5,0,0,1,5,8,1,0,0,4,0,370,0,8,0,53,4,42,5,5,0,83,0,32,0,28,48,0,42,78,9,122,1,285,2,0,115,5,426,3,1160,5,0,0,13,0,5921,0,0,8,2,0,0,23002,437,49,0,1,31,1,1,0,0,0,5,0,0,0,0,2,306,4,362,1,165,9,453,1,1,422,4,183,5,767,7,4,222,7,4985,0,0,110,2,387,14,241,47,67,243,0,0,1,1127,11,447,4,5,502,46,32,3,0,0,0,0,0,214,15,100,2,61,2,0,1023,3,544,46,438,7,39,3,2992,0,50,38,0,2,0,6,1,5,4,683,9,0,0,23,3,50,19,42,0,50,1,26,0,190,5,56,0,67,0,0,11,4,8,241,35,5,15,1,0,31,0,1,0,0,0,0,0,0,0,79,0,44,2,2,0,0,1,3,3,0,22,9,2,0,0,0,2,0,0,0,0,0,1,1,4,15,134,39,3,160,23,21,0,0,0,0,0,1,1,8,0,1,192,0,2,0,10,0,10,14,1,29,304,0,0,6,50,0,0,1,0,0,0,0,1,2,0,0,1,0,0,0,18,0,1,0,2,7,2,6,8,3,0,15,0,13,9,0,0,0,0,0,0,0,0,0,0,0,0,0,0,0,0,5,62,0,4,11,0,0,5,3,1,2,0,5,5,0,128,1,1,21,1,1,18,1,1,5,0,1,4,1,2,26,12,0,1,1,0,0,7,3,14,3,0,0,5,0,1,0,3,0,0,0,1,0,4,0,5,0,0,4,0,5,0,0,0,0,2,0,1,1,0,31,5,0,0,1,0,0,1,3,0,0,1,1,0,17,0,0,1,1,0,0,0,0,4,14,0,0,0,0,1,0,0,1,5,6,49,0,0,9,8,0,1,0,6,1,0,4,14,0,0,0,0,0,0,1,26,1,0,0,0,1,27,1,109,36,2,3,0,8,0,0,0,0,4,0,0,13,5,2,7,0,15,0,6,0,0,0,0,12,3,0,0,8,22,0,0,0,0,0,0,0,3,5,41,180,2,29,1,53,44,0,4,0,0,0,1,6,2,2,7,30,18,1,49,59,1,35,15,0,1,26,0,19,28,0,1,4,62,9,0,0,0,14,0,4,1,0,1,0,3,5,1,0,12,11,1,6,1,0,3,3,0,7,0,0,2,4,1,1,0,2,1,0,1,0,0,226,0,2,0,0,0,2,0,0,0,4,10,0,1,2,0,0,1,0,0,50,14,7,21,0,0,1,0,1,2,0,1,0,0,0,7,0,0,0,1
T8,T,34,4,102,2,28,0,2,0,20,0,24,0,0,24,0,15,0,0,2,0,1,0,6,0,0,0,0,0,1,2,3,0,2,0,0,0,0,0,0,0,0,0,0,1,0,0,0,0,0,0,2,2,19,0,0,3,3,0,11,1,0,1,0,0,0,11,0,6,0,0,0,0,0,0,0,0,0,0,0,1,0,1,0,0,0,0,1,12,0,0,55,46,0,1,0,32,1,1,0,0,0,4,1,0,0,0,0,0,3,0,16,44,0,0,0,0,1,0,2,0,14,0,2,0,0,1,16,32,0,0,2,2,0,1,0,0,0,0,0,22,0,7,0,0,0,0,0,3,0,0,0,0,0,142,0,2,0,1,4,1,2,1,0,1,0,2,0,1,1,0,4,4,0,4,0,29,0,0,1,0,11,0,35,0,0,0,8,1,13,0,0,0,0,0,0,78,2,2,0,0,2,1,0,0,0,0,1,0,0,0,0,0,0,0,1,0,7,0,3,0,2,15,0,9,0,9,0,1,2,1,32,0,0,7,0,9,0,14,0,17,1,0,0,0,16,1,2,0,0,7,0,0,0,0,0,0,0,0,1,11,1,1,1,8,1,7,0,5,34,0,1,0,0,30,0,0,1,2,0,0,0,0,0,0,49,0,0,0,0,0,0,1,1,0,0,0,0,0,3,0,1,0,0,0,0,0,0,0,0,1,0,0,0,0,5,0,0,0,0,0,0,0,0,0,1,0,1,0,7,1,0,0,1,0,0,12,1,0,0,0,0,0,0,0,1,0,0,1,0,0,0,32,11,6,2,10,0,0,0,0,0,0,0,0,2,0,0,2,2,0,0,0,0,2,0,0,17,1,0,0,1,2,0,0,0,0,0,0,0,0,0,0,0,0,0,0,0,4,0,0,0,1,0,0,0,0,0,0,1,0,0,0,0,0,0,0,0,0,0,0,0,0,0,0,0,0,0,0,0,0,0,0,0,0,0,0,0,0,0,0,0,0,0,0,0,0,0,0,0,0,0,0,0,0,0,0,0,0,0,0,0,0,0,0,1,0,1,0,2,0,0,4,0,0,0,0,0,0,0,0,0,0,0,0,0,0,0,0,1,0,0,0,0,0,0,0,0,0,7,0,0,0,0,0,0,0,0,0,0,0,0,0,0,0,0,0,0,0,0,0,0,0,1,0,0,0,0,0,0,0,0,0,0,0,0,0,0,0,0,0,0,0,0,0,1,4,0,1,0,0,0,0,0,3,0,0,0,0,0,0,9,3,0,1,0,0,1,0,0,0,2,0,0,0,0,2,0,0,0,0,0,0,0,0,0,0,3,0,0,0,0,0,0,0,0,0,0,0,0,0,0,4,14,0,2,0,1,4,0,0,0,0,0,0,3,0,0,0,1,0,0,0,9,0,4,0,0,0,2,0,1,11,0,0,0,4,0,0,0,0,1,0,0,31,1,1,0,2,0,0,0,1,0,0,0,0,0,0,0,1,0,0,0,6,2,0,0,0,0,0,0,1,0,0,0,0,0,0,0,0,0,0,0,0,0,0,0,0,0,0,0,0,0,0,8,0,0,6,0,0,0,0,0,2,0,2,0,0,0,1,0,0,0,0
T9,T,2390,19,2220,16,584,0,822,2,220,0,1619,9,0,274,0,574,0,5,33,0,50,0,81,0,0,0,1,53,7,592,23,0,27,0,5,0,0,0,0,0,0,0,0,1,0,0,0,1,0,0,1,20,101,0,1,160,94,0,7,1,0,74,0,0,0,159,3,17,16,1,1,3,0,1,0,0,43,1,4,2,0,0,0,0,1,10,4,429,6,244,95,710,0,388,3,8908,24,15,0,0,8,18,6,0,4,0,15,0,74,0,23,188,9,2,2,2,48,0,244,2,1710,10,304,0,5,8,32,209,2,1,25,33,0,0,267,0,54,8,2,166,0,13,0,0,0,0,0,16,2,1,0,2,2,283,0,22,0,71,8,44,1,3,0,53,0,10,0,6,8,0,20,116,5,52,0,211,2,0,42,3,155,2,2322,6,0,0,132,0,5306,2,0,48,14,2,0,7970,301,3,0,0,23,1,1,0,0,0,1,0,0,0,0,2,357,8,25,1,23,0,347,0,10,4079,1,4371,0,258,2,24,65,3,1438,0,0,114,0,1240,2,1054,15,25,26,1,0,0,466,13,297,0,1,230,11,5,0,0,0,0,0,0,30,16,107,1,153,4,0,340,2,146,134,293,25,38,2,378,0,5,13,0,1,0,2,2,5,2,336,15,3,0,28,3,22,25,7,0,9,0,7,1,40,0,9,0,29,3,0,0,2,1,27,17,1,3,1,0,88,0,9,1,0,0,0,0,0,0,90,6,27,0,4,1,0,0,5,0,0,19,0,0,1,2,0,1,2,0,3,0,0,2,0,4,14,113,29,3,22,18,6,0,0,0,0,0,0,0,16,0,4,668,2,0,0,2,0,48,4,1,1,105,0,0,0,37,0,0,0,0,0,0,0,0,1,0,2,1,1,3,0,5,0,4,0,0,1,3,5,1,1,0,2,0,20,0,0,0,0,0,0,0,0,0,0,0,0,0,0,0,0,0,5,27,0,0,3,0,1,2,0,1,0,0,0,0,0,9,1,1,5,0,3,0,0,1,0,0,0,0,0,0,2,0,0,2,0,2,6,0,1,1,1,0,0,10,0,0,0,0,0,0,0,0,0,2,0,1,0,0,7,0,0,0,0,0,0,0,0,0,0,1,27,0,0,0,1,0,0,9,76,0,1,0,1,4,12,1,0,0,0,0,1,0,0,0,7,0,0,0,0,0,0,1,0,0,2,0,1,0,4,5,0,0,0,0,0,0,4,3,0,1,0,0,0,0,0,9,1,0,1,0,1,5,0,338,14,0,10,0,4,1,1,0,0,2,0,0,1,21,0,0,0,1,1,0,0,0,0,1,37,0,0,0,0,1,0,0,0,0,0,0,0,3,5,2,379,3,109,1,48,16,0,0,1,0,0,0,6,0,0,7,14,51,2,50,75,0,7,0,0,0,0,0,10,3,0,0,1,43,0,0,0,0,2,0,0,29,0,0,0,2,0,1,0,7,3,0,0,0,0,0,0,0,3,0,0,1,1,0,0,0,1,0,0,0,0,0,0,5,0,0,0,0,1,1,1,0,2,24,0,2,2,0,0,0,0,0,14,0,9,139,0,5,5,2,0,0,0,0,0,0,0,0,0,0,0,0
T10,T,3996,22,5404,24,4118,0,109,26,1631,1,1209,3,0,203,0,319,1,86,40,0,41,2,28,0,0,0,0,3,3,16,84,1,23,0,0,0,0,0,0,0,0,0,0,1,0,0,0,0,0,0,2,86,614,1,1,329,346,0,87,1,0,3,0,1,0,164,0,12,2,1,0,2,0,0,0,0,3,0,7,11,0,0,0,1,8,13,20,13,0,41,592,1067,2,10,0,316,22,8,0,0,2,0,5,0,1,0,2,0,74,1,39,512,6,1,0,1,23,0,34,0,280,0,127,0,0,3,22,198,0,1,1,5,0,0,0,0,0,0,16,63,0,31,1,0,1,1,1,3,0,0,0,0,0,1994,0,264,0,10,4,8,23,13,0,179,0,30,0,9,34,0,47,256,58,7,0,45,0,0,22,13,139,7,76,0,1,6,14,7,5,1,0,4,7,2,0,1047,4,3,2,0,17,1,14,0,0,0,27,0,0,0,0,0,18,0,13,0,19,0,30,0,8,233,0,211,0,42,0,0,55,1,2025,0,2,280,2,79,0,235,4,240,3,0,0,1,354,2,73,0,1,132,2,4,0,0,0,0,0,0,20,152,87,2,56,14,4,98,5,22,742,10,2,5,0,199,1,4,10,7,1,2,2,0,3,0,1299,0,11,0,4,0,4,3,3,3,0,0,36,1,9,0,2,0,3,1,0,0,0,0,1,22,2,1,2,0,99,0,26,0,0,0,0,0,0,0,30,5,42,1,71,8,0,11,51,2,0,16,0,1,0,0,0,3,1,0,1,0,0,15,0,3,3,96,487,403,6,37,5,0,0,28,0,2,0,0,18,1,16,30,3,0,0,2,0,27,5,4,7,14,0,1,3,11,0,1,3,0,0,0,0,0,0,0,1,4,0,2,0,33,3,0,0,2,0,2,2,0,6,1,69,1,9,0,0,0,0,0,0,0,0,0,0,0,0,0,0,0,0,0,0,0,0,0,0,0,0,0,0,0,0,0,0,0,0,0,0,0,0,0,0,0,0,0,0,0,0,0,0,0,0,0,0,0,0,0,0,0,0,4,3,0,0,8,1,0,0,0,2,0,0,0,0,0,0,0,1,0,0,0,0,0,0,0,0,0,0,0,0,0,99,0,1,0,0,0,0,0,0,0,0,0,0,8,0,0,0,0,0,0,0,0,0,0,1,0,2,0,0,0,0,0,0,1,2,0,6,0,0,0,0,0,0,3,0,0,1,8,0,3,0,3,1,0,0,23,0,0,0,0,0,0,6,131,4,2,6,0,6,0,0,0,1,1,0,0,0,6,0,0,0,0,0,0,0,0,0,0,10,1,0,0,0,3,0,0,3,0,0,0,0,2,4,6,68,6,49,4,2,0,0,0,0,0,0,0,0,0,0,7,29,2,0,46,134,5,25,1,0,0,0,0,1,3,5,0,0,2,0,0,0,3,2,1,4,29,58,0,0,0,0,0,0,7,0,0,2,0,1,0,0,18,8,0,0,25,1,0,0,0,0,0,0,0,0,0,0,0,0,0,0,0,0,0,0,0,0,4,0,3,0,0,0,0,1,0,1,0,0,4,0,0,0,0,1,0,0,0,0,0,1,1,0,0,0,2
T11,T,687,1,995,3,999,0,40,5,160,3,400,1,2,117,0,206,1,146,5,0,35,0,2,0,0,0,0,3,1,17,9,0,21,1,0,0,0,0,0,0,0,0,0,0,0,0,0,0,1,0,0,31,329,0,0,81,98,0,14,1,0,6,0,0,0,58,0,1,0,6,2,8,2,1,0,0,0,0,6,0,0,0,0,0,0,5,15,2,0,73,50,1658,1,8,0,212,28,5,0,0,2,0,9,0,6,0,4,0,21,0,13,106,9,1,6,0,13,0,24,0,166,1,48,0,2,4,6,20,0,0,3,0,0,0,1,0,0,0,0,3,0,10,1,0,0,0,1,6,0,0,0,3,0,43,0,27,0,2,2,4,1,0,0,82,0,3,0,19,1,0,23,113,7,5,0,23,0,0,0,0,10,0,17,0,0,0,0,11,53,0,0,11,1,1,0,3860,7,0,0,0,22,3,0,0,0,1,9,0,0,0,0,0,8,4,13,0,12,0,110,0,5,158,0,116,0,50,0,1,25,0,733,0,2,81,0,98,0,163,3,47,29,0,1,3,144,8,44,2,2,48,3,1,1,0,0,0,0,0,8,13,36,1,33,0,0,30,1,10,27,6,2,11,1,20,0,2,1,1,2,0,0,0,6,0,26,1,5,0,2,1,0,1,1,1,0,0,4,1,16,0,0,0,4,0,0,0,0,0,0,8,0,0,2,0,25,0,11,0,0,0,0,0,0,0,24,1,22,0,0,0,0,2,4,0,0,5,0,2,1,2,0,2,0,0,0,0,0,2,1,1,1,3,56,11,1,1,0,0,1,1,0,0,1,0,24,0,2,15,0,0,0,0,0,18,9,0,0,12,0,0,0,11,0,1,0,0,0,0,0,0,0,0,1,1,0,0,0,7,0,0,0,0,2,0,0,0,1,1,6,0,1,0,0,0,0,0,0,0,0,0,0,0,0,0,0,0,0,0,0,0,0,0,0,0,0,0,0,0,0,0,0,0,0,0,0,0,0,0,0,0,0,0,0,0,0,0,0,0,0,0,0,0,0,0,0,0,0,2,1,0,0,6,1,0,1,1,0,0,0,0,0,0,0,0,0,0,1,1,0,0,0,0,0,1,0,0,0,0,16,0,0,0,0,0,0,0,0,0,0,0,0,3,2,0,0,1,0,0,0,0,0,0,0,0,0,0,0,0,0,0,0,0,0,0,0,0,1,0,0,0,0,0,0,0,1,2,0,1,0,3,0,0,0,7,0,1,0,0,0,1,1,4,3,2,0,0,6,0,1,0,0,1,0,0,0,0,0,0,0,0,0,0,0,0,0,0,5,0,0,0,0,3,0,0,0,0,0,0,0,3,1,0,63,0,4,0,0,0,0,0,0,0,0,0,0,0,0,1,1,1,0,28,47,7,5,1,1,0,0,0,0,3,0,0,0,1,0,0,0,0,0,0,2,0,0,0,0,0,0,0,0,6,0,0,0,0,0,0,0,0,0,0,0,1,0,0,0,0,0,0,0,0,0,0,0,0,0,0,0,0,0,0,0,0,1,0,0,0,0,0,0,0,0,0,1,0,0,2,0,0,0,1,0,0,0,0,0,0,0,0,0,0,0,0
T12,T,1780,58,12729,54,2210,3,3978,13,990,1,3569,14,5,1305,0,5536,43,51,718,1,604,5,46,0,0,1,0,51,13,253,135,7,187,1,55,0,0,0,0,0,0,1,1,0,0,0,1,1,3,0,6,138,2249,0,24,1646,959,0,142,2,0,88,5,1,0,2997,0,59,11,17,27,0,1,7,0,0,20,0,109,19,3,1,0,0,34,42,71,142,6,1290,551,15690,8,273,0,95140,458,57,0,0,27,5,31,4,18,3,115,0,1273,0,72,775,22,1,10,5,203,1,1509,1,5434,5,1635,0,24,6,41,496,6,1,42,126,3,4,121,1,26,6,1,119,0,65,9,1,0,0,15,0,0,0,0,7,0,1301,2,11,0,227,24,142,8,2,0,1231,0,6,0,42,122,0,202,271,143,144,0,572,1,0,153,7,511,8,816,6,1,20,250,47,3738,0,0,45,10,2,0,13355,414,23,4,15,194,13,0,0,0,0,145,0,0,0,0,0,2776,16,150,14,108,0,404,0,5,1226,1,1120,3,1018,0,0,111,4,12718,0,9,840,3,693,19,480,1548,66,273,1,3,15,2287,87,2673,3,5,936,53,10,1,0,0,0,0,0,232,98,112,5,154,25,3,2469,3,401,392,519,41,82,4,1867,1,39,87,0,5,13,2,2,6,1,886,6,56,2,26,4,372,49,11,12,12,0,51,0,179,4,18,0,34,6,2,0,0,0,204,120,16,8,36,0,120,0,76,14,1,0,0,0,0,0,587,27,79,0,6,3,2,2,124,4,1,22,2,4,3,1,0,11,7,0,10,17,1,12,4,4,7,208,1307,58,21,39,18,0,0,5,0,1,2,0,259,2,44,628,27,0,0,6,0,318,34,4,14,162,0,18,1,12,1,7,1,0,0,0,0,0,0,0,4,10,11,29,3,72,2,0,0,2,2,2,19,2,4,2,93,3,51,22,0,0,0,0,0,0,0,1,0,0,0,1,1,0,0,0,2,0,0,0,0,0,0,0,0,0,0,0,0,0,0,0,0,0,0,0,0,0,0,0,0,0,0,0,0,0,0,0,0,0,0,0,0,0,0,26,3,0,0,117,11,5,0,2,0,4,0,1,2,0,0,0,3,0,1,0,1,15,0,0,0,5,0,0,0,0,424,0,3,0,0,0,0,0,6,0,11,0,1,20,31,1,0,0,0,1,0,1,0,0,6,0,0,0,0,3,0,0,0,0,5,1,0,6,8,4,0,0,0,8,2,0,2,21,3,26,0,11,4,0,0,34,2,0,0,0,0,0,0,29,515,8,5,1,16,0,3,0,1,5,0,0,6,47,0,2,0,1,0,6,0,0,0,2,49,1,0,0,3,24,0,0,4,0,0,0,0,23,24,7,459,1,89,1,27,7,0,0,0,0,0,0,4,0,1,8,33,30,0,157,3535,48,90,1,2,0,0,0,10,49,6,0,4,45,1,5,0,0,5,0,6,84,1,0,0,3,1,0,1,2,6,1,1,1,1,0,0,5,95,2,0,52,0,1,1,0,0,0,0,0,0,0,2,3,1,0,0,0,1,0,0,0,9,1,5,3,1,0,0,1,0,5,0,0,2,21,0,6,6,0,0,0,0,0,0,0,0,1,1,1,1,4
T13,T,1030,18,3030,4,1697,0,32,6,927,2,341,3,0,37,0,307,7,24,6,0,19,1,10,0,0,0,0,5,1,4,89,2,42,1,1,0,0,0,0,0,0,0,1,3,0,0,0,0,0,0,2,57,206,1,1,101,84,0,93,4,0,5,1,2,0,202,0,76,3,5,1,6,0,1,1,0,5,0,16,3,0,0,0,1,3,3,7,23,1,21,126,737,3,11,1,349,7,19,0,0,5,26,5,1,0,0,6,0,12,1,44,280,11,0,0,1,14,0,43,2,254,4,81,0,9,4,38,222,3,0,3,4,0,0,8,0,2,5,5,191,0,47,0,0,0,0,1,2,0,0,0,0,0,654,0,6,0,8,7,12,73,0,0,26,0,2,0,7,3,0,76,242,39,12,0,53,0,0,51,11,146,6,172,0,1,0,106,3,431,1,0,8,6,1,0,5271,15,83,0,3,30,11,0,0,0,0,6,0,0,0,0,0,42,5,54,0,27,4,29,0,21,214,1,114,3,106,0,0,110,4,837,0,2,91,1,115,0,202,10,366,23,0,0,3,106,8,21,0,2,21,6,6,0,0,0,0,0,0,10,122,38,6,34,26,7,42,4,16,365,44,9,2,2,73,0,2,12,1,3,0,0,0,2,1,730,0,2,0,1,0,2,4,4,0,0,0,20,0,9,0,1,1,24,1,0,0,0,0,1,36,0,2,0,0,192,0,4,0,0,0,0,0,0,0,23,1,7,0,29,2,0,3,14,2,0,21,5,0,0,0,0,3,0,0,1,0,0,12,1,1,1,105,80,65,2,104,7,0,0,11,0,0,0,0,19,0,3,54,3,0,0,0,0,60,5,1,14,18,2,0,0,69,1,2,0,0,0,0,0,0,0,0,1,3,0,0,0,6,2,0,0,0,0,1,0,0,1,0,15,0,4,1,0,0,0,0,0,0,0,1,0,0,0,0,2,0,0,0,0,0,0,0,0,0,0,0,0,0,0,0,0,0,0,0,0,0,1,0,0,0,0,0,0,0,0,0,0,0,0,0,0,0,0,0,1,0,0,0,7,0,0,3,2,0,0,0,1,0,0,0,0,1,0,0,1,0,0,1,0,0,0,0,0,0,0,0,0,1,35,0,2,0,0,0,0,0,0,0,0,0,0,1,0,0,0,1,0,0,0,0,0,0,0,0,1,0,0,0,0,0,0,1,0,0,0,0,0,0,0,0,0,0,0,0,6,13,0,1,0,0,2,0,0,19,0,0,1,0,0,0,1,91,18,4,5,0,7,0,1,0,3,0,0,0,0,15,0,0,0,0,0,2,0,0,0,0,11,0,0,0,1,61,0,0,1,0,0,0,0,5,1,2,137,8,11,1,15,15,0,0,0,0,0,0,0,0,1,36,91,3,1,22,64,4,11,0,0,0,0,2,3,132,9,0,0,2,0,0,0,0,9,0,2,5,1,1,0,7,0,0,0,13,1,0,0,0,0,0,0,1,1,0,0,8,4,0,0,1,0,0,0,0,0,0,0,0,0,1,0,0,0,0,1,0,5,0,0,0,0,0,0,1,0,0,0,0,0,4,1,0,0,0,0,0,0,0,0,0,0,0,0,1,1,0
T14,T,3459,732,108332,308,5775,8,2618,74,9895,38,20389,105,38,6886,78,23552,265,296,282,0,1565,19,57,0,0,0,0,1293,229,57,952,14,1345,9,11,0,1,0,0,0,1,1,17,12,3,1,2,9,8,1,93,2308,10374,20,193,5443,3633,0,953,32,0,476,0,16,0,4617,0,1094,78,356,70,2,0,24,73,0,799,5,530,33,8,12,0,8,38,421,326,5576,209,3348,2899,16974,44,3058,18,10399,248,676,1,2,626,309,1110,10,336,1,557,1,1041,5,1981,11367,528,15,55,9,652,2,8839,79,23398,156,15076,9,978,91,1038,7065,38,11,731,99,3,11,672,0,192,51,8,8894,2,2223,27,250,0,4,60,63,49,0,0,28,10,8314,4,5,2,1643,511,625,161,107,0,1965,0,456,3,387,508,0,2124,225,1197,2626,10,8370,0,0,5628,267,21270,379,44907,45,3,14,14191,101,76176,5,0,3348,194,67,2,377693,326,4266,0,152,613,130,0,0,1,0,177,0,0,0,0,8,1826,234,8955,79,6035,23,19947,19,2021,2714,19,930,27,10722,2,2,3378,400,31592,4,32,9719,84,1515,31,1379,851,2248,1918,2,30,16,6129,353,3618,17,41,3504,288,211,22,0,0,1,0,2,555,462,149,48,235,132,12,4494,37,3326,2194,3188,434,598,56,8833,6,154,783,50,29,13,33,16,164,55,3092,127,146,5,220,38,180,195,58,90,83,3,651,18,789,10,130,3,2242,68,6,5,9,12,100,1464,111,95,91,0,2504,0,155,5,1,0,0,0,0,0,1532,38,49,1,147,0,7,6,266,73,1,2227,254,17,11,6,0,123,37,0,31,8,9,19,7,143,238,1385,2537,110,874,888,580,4,0,133,0,28,5,2,454,3,50,11266,476,0,0,160,3,1711,368,14,80,2408,0,3,0,243,4,23,13,0,2,0,0,3,9,0,54,95,38,150,9,243,17,1,0,22,75,4,22,37,2,23,220,1,135,29,0,0,0,0,0,0,0,7,0,1,0,0,2,0,0,1,4,0,1,0,0,0,0,0,2,4,0,0,2,0,0,0,0,0,0,4,0,0,1,0,0,2,0,0,0,0,0,0,1,2,0,0,0,0,0,72,166,1,1,154,31,8,1,34,32,14,4,7,1,44,24,6,12,0,1,2,0,5,0,0,0,1,2,9,0,4,581,10,82,0,4,1,0,0,9,18,4,11,4,150,201,16,0,42,0,0,0,0,2,0,10,0,3,7,0,4,0,1,7,1,0,26,8,7,183,19,2,0,4,45,0,0,109,364,1,49,1,27,4,1,0,1180,1,0,9,0,5,15,13,2285,876,45,137,1,266,27,12,1,11,20,0,0,2,148,11,37,1,2,5,34,0,0,0,2,195,3,0,0,107,273,8,0,14,0,0,0,0,1958,313,70,14447,395,867,13,1604,774,0,0,3,9,0,4,54,47,58,1985,4312,509,14,1386,6768,598,596,59,4,18,15,4,80,4523,5,19,5,265,1,9,7,15,204,1,61,51,279,1,24,205,2,0,7,188,222,24,153,8,0,0,0,5,10,1,0,79,17,3,57,8,2,0,2,17,0,0,6,19,16,10,0,1,12,7,2,0,350,39,5,29,0,0,1,14,0,3,1,0,18,133,62,48,26,1,0,2,0,0,0,8,29,1,3,0,9,9
T15,T,2520,88,6996,49,2839,2,84,21,1342,4,736,14,5,197,5,680,28,5,114,0,137,5,24,0,0,1,0,29,20,51,618,7,184,1,0,0,1,0,0,0,0,1,1,0,0,0,1,0,3,0,9,294,1299,1,6,362,459,0,154,0,0,29,1,3,0,801,0,145,7,16,2,0,1,0,5,1,42,0,53,5,0,0,0,0,7,16,18,149,8,197,1299,814,4,7,0,1328,13,30,0,2,24,24,37,1,19,0,16,0,404,2,106,1390,14,0,6,2,14,0,277,0,1506,4,488,0,78,19,87,515,0,0,84,25,1,2,21,0,5,4,95,232,2,165,2,1,0,1,5,7,0,1,3,0,1,3001,0,217,4,82,15,67,26,37,0,329,0,60,0,37,62,0,271,810,88,32,0,212,0,0,123,20,667,8,717,0,20,15,251,8,2315,3,0,9,5,13,0,6432,28,23,2,28,56,7,0,0,0,0,27,1,0,0,0,2,83,16,99,3,91,0,218,0,44,793,2,367,1,455,1,1,188,9,2854,0,4,339,27,600,0,745,9,301,24,0,0,1,896,29,473,4,8,272,59,9,0,0,0,0,0,0,55,647,282,6,276,66,20,221,2,60,855,72,29,32,3,242,1,16,20,15,15,2,1,0,15,2,2529,6,24,1,17,2,16,50,27,7,19,0,37,0,82,1,20,0,44,2,0,1,0,0,9,132,7,5,28,0,518,0,9,1,0,0,0,0,0,0,63,2,32,0,201,0,1,10,40,5,0,61,39,1,1,0,0,13,2,0,4,1,1,13,2,1,6,274,374,126,24,263,25,0,0,27,0,1,0,0,19,0,12,43,8,0,0,3,1,280,9,16,42,97,0,1,1,52,2,3,2,1,0,0,0,2,0,0,1,3,0,7,0,115,0,0,0,0,4,5,1,0,7,0,33,1,24,0,0,0,0,0,0,0,0,0,0,0,1,1,0,0,0,0,0,0,0,0,0,0,0,0,0,0,0,0,0,0,1,0,0,0,0,0,0,0,0,0,0,0,0,0,0,0,0,0,0,1,0,0,0,0,0,21,14,0,0,16,2,0,0,0,1,0,0,0,0,0,1,2,2,0,1,5,0,2,0,0,0,2,0,0,0,0,220,1,4,2,1,0,0,0,4,1,0,0,0,5,8,2,0,5,0,0,0,0,0,0,4,0,0,0,0,0,0,0,0,8,3,0,3,1,7,2,0,0,0,4,0,0,6,16,0,10,0,1,1,0,0,62,0,0,4,0,1,0,20,85,43,6,8,0,12,3,1,0,3,7,0,0,1,45,0,5,0,1,0,4,0,0,0,3,33,0,0,0,2,58,0,0,3,0,0,0,0,20,2,0,548,10,147,5,33,32,0,0,2,0,0,0,1,0,1,54,110,13,1,42,668,23,53,1,1,0,0,0,11,58,8,1,0,39,0,0,0,1,72,0,7,69,468,0,2,19,0,0,0,43,8,0,5,0,1,0,0,23,7,0,0,59,9,0,1,4,0,0,0,2,0,0,0,0,6,0,0,0,2,0,0,0,18,1,0,0,0,0,0,1,0,0,0,0,1,12,0,4,0,0,0,8,0,0,0,0,0,0,0,0,0,1
T16,T,314,42,938,12,130,0,11,0,98,0,152,5,0,22,1,114,3,0,6,0,5,0,12,0,0,0,0,6,3,9,10,1,7,0,0,0,0,0,0,0,0,0,0,0,0,0,0,0,0,0,1,8,15,0,0,64,115,0,6,0,0,4,0,0,0,40,0,8,0,1,1,1,0,0,1,0,1,0,1,0,0,0,0,0,1,0,3,48,3,21,594,353,0,56,0,138,5,3,0,0,2,3,1,2,0,0,2,0,13,0,54,145,1,0,0,0,14,0,38,1,244,2,43,0,6,2,16,48,0,1,12,4,0,1,5,0,2,0,0,70,0,14,0,1,0,0,1,2,0,0,0,0,0,422,0,14,0,8,1,2,6,1,0,13,0,5,0,1,6,0,2,55,3,11,0,56,0,0,10,7,74,2,194,0,2,1,23,0,261,0,0,2,2,0,0,1148,13,7,0,2,1,1,0,0,0,0,0,0,0,0,0,0,5,2,12,1,4,0,50,0,11,131,0,78,0,56,0,0,35,1,334,0,0,39,1,154,1,251,2,26,2,0,0,1,93,1,57,0,2,43,5,0,0,0,0,0,0,0,4,47,26,3,22,17,1,52,0,18,451,17,2,15,2,7,0,1,4,1,0,0,0,0,1,2,250,5,1,0,0,0,3,8,4,5,3,0,7,0,2,0,5,1,1,0,0,0,0,0,0,10,1,1,3,0,88,0,3,1,0,0,0,0,0,0,12,3,20,0,0,0,0,0,1,1,0,13,2,0,0,1,0,0,0,0,2,0,0,0,0,0,1,34,34,7,3,69,7,0,0,2,0,0,0,0,5,0,3,95,11,0,0,0,0,24,0,0,0,1,0,0,0,18,0,0,0,0,0,0,0,1,0,0,1,0,0,0,0,1,0,0,0,0,0,1,0,1,1,0,4,0,8,0,0,0,0,0,0,0,0,0,0,0,0,0,0,0,0,0,0,0,0,0,0,0,0,1,0,0,0,0,0,0,0,0,0,0,0,0,0,0,0,0,0,0,0,0,0,0,0,0,0,0,0,0,0,0,0,0,7,0,0,6,0,0,0,0,0,0,0,1,0,1,0,2,0,0,0,0,0,0,0,0,0,0,0,0,0,0,6,0,1,0,1,0,0,1,1,0,0,0,0,0,0,0,0,1,0,0,0,0,0,0,0,0,0,0,0,0,0,0,0,1,0,0,0,0,0,1,0,0,0,0,0,0,4,3,0,1,0,0,0,0,0,11,0,0,0,0,0,1,1,397,0,0,2,0,0,0,1,0,0,2,0,0,0,5,0,1,0,1,0,0,0,0,0,0,4,0,0,0,1,4,0,0,3,0,0,0,0,0,0,3,83,3,19,0,8,2,0,0,0,0,0,0,0,0,2,27,6,1,2,6,17,2,6,0,1,0,1,0,1,85,0,2,1,19,0,0,0,0,42,0,0,11,54,0,3,0,0,0,0,11,0,1,1,0,0,0,0,1,0,0,0,9,3,0,0,0,1,0,0,0,0,0,0,0,0,0,0,0,1,0,2,0,5,0,0,0,4,0,0,0,0,0,0,0,0,11,0,2,0,0,0,0,0,0,0,0,0,0,0,0,0,0
T17,T,1512,98,5685,51,762,0,1885,20,278,0,3745,60,6,1483,1,2937,16,1,232,0,283,4,90,5,1,0,0,141,20,264,96,3,137,8,2,0,0,0,0,0,0,0,5,0,0,0,0,0,2,0,6,12,68,3,16,800,600,0,45,1,0,386,0,4,0,169,1,50,16,33,13,0,0,8,2,0,31,0,23,17,0,1,1,0,5,30,126,447,86,3167,3641,5517,0,146,0,29190,135,468,6,1,130,27,134,7,32,0,138,0,1758,0,248,714,23,7,4,1,838,1,2458,3,6051,21,1668,0,127,2,41,664,29,2,112,156,2,2,222,0,33,11,0,241,0,339,3,12,0,5,12,12,4,0,0,3,0,1608,0,43,0,127,11,60,6,10,0,508,0,31,0,64,60,0,32,249,46,366,0,1508,2,0,264,52,1824,8,1327,7,0,2,270,10,7573,0,1,40,15,1,0,27539,1496,26,4,37,31,9,2,1,0,0,34,0,0,0,0,2,1322,48,434,20,449,2,1639,2,15,1506,0,1509,4,1181,3,0,260,5,13914,2,5,994,8,1260,6,1718,1747,56,147,1,3,2,4587,133,2985,3,2,3411,242,8,2,0,0,0,0,0,189,190,220,5,105,23,2,3368,2,1146,1227,1035,166,151,6,542,1,14,35,0,0,1,1,1,0,7,893,16,7,0,16,2,414,40,5,18,8,0,74,2,205,4,23,0,50,8,1,1,2,2,367,129,34,8,29,0,158,0,43,0,0,0,0,0,0,0,690,16,145,3,12,2,6,4,60,8,1,411,17,1,1,0,0,7,0,0,9,8,3,1,2,11,7,374,639,26,83,103,50,0,0,5,0,0,0,0,141,1,21,519,30,0,0,4,0,80,10,2,2,172,0,3,0,20,0,2,0,0,1,0,0,1,0,0,6,8,6,3,1,57,0,0,0,10,4,3,44,10,3,1,29,1,146,6,0,0,0,0,0,0,0,4,0,0,0,0,0,0,0,0,1,0,0,0,0,0,0,0,0,0,0,0,0,0,0,0,0,0,0,0,0,0,0,0,0,0,0,0,0,0,0,0,0,0,0,0,0,0,0,9,15,0,0,81,3,0,0,6,0,1,0,4,1,13,1,6,2,0,0,3,7,17,0,0,0,4,0,0,0,1,54,7,9,0,1,0,0,1,23,0,1,7,2,10,26,1,0,2,0,0,0,0,1,0,1,0,0,2,0,0,0,3,6,5,4,0,4,8,9,18,1,0,2,12,0,0,3,47,4,11,0,2,3,0,0,53,0,0,0,0,2,1,0,164,113,2,25,2,6,0,4,1,3,7,37,2,0,63,2,11,0,0,0,0,0,0,1,1,13,0,0,0,2,7,0,0,1,0,0,0,0,56,38,9,364,2,140,2,56,3,0,0,0,0,0,0,2,1,5,1,32,64,1,139,960,22,27,3,1,0,0,3,39,98,1,3,18,80,1,1,0,2,19,0,22,77,1,0,5,5,0,0,1,13,3,2,4,0,0,0,0,2,5,0,0,29,5,6,29,1,0,0,0,1,0,0,0,10,0,0,0,0,3,1,0,0,7,10,0,4,3,0,1,2,0,0,0,0,5,66,18,16,22,0,0,0,0,0,0,1,3,1,0,0,2,2
T18,T,447,5,654,8,157,0,197,4,36,1,312,8,1,104,0,421,3,4,16,0,26,0,8,0,0,0,0,7,2,68,19,0,14,0,14,0,0,0,0,0,0,1,0,0,0,0,0,0,0,0,0,4,26,0,0,67,53,0,0,0,0,69,0,0,0,62,0,5,7,3,0,0,0,0,0,0,11,0,2,0,0,0,0,0,0,1,3,62,6,148,130,575,3,191,0,3376,12,13,0,0,7,0,7,0,1,1,2,0,76,0,4,54,1,0,0,0,28,0,152,1,844,6,169,0,5,3,7,105,1,0,4,4,0,0,20,0,6,2,0,31,0,7,0,3,0,0,4,7,0,0,0,0,0,86,0,10,0,20,0,17,2,2,0,26,0,5,0,4,6,0,5,36,2,23,0,75,2,0,22,2,148,0,1026,3,0,0,31,1,929,0,0,22,3,0,0,3894,249,8,0,2,3,0,0,0,0,0,2,0,0,0,0,0,103,7,37,0,1,28,305,0,3,545,0,463,0,30,0,0,26,2,768,0,0,49,0,389,1,366,53,11,16,1,0,0,121,6,61,0,0,54,10,2,0,0,0,0,0,0,24,18,35,1,27,2,0,177,0,80,98,91,16,15,0,148,0,8,13,0,1,0,0,0,3,0,136,7,2,0,4,1,16,11,1,1,1,0,8,0,6,0,2,0,4,0,0,2,1,2,22,9,2,0,3,0,32,0,1,0,0,0,0,0,1,0,39,4,14,0,3,0,0,1,4,3,1,8,2,0,1,0,0,1,0,0,2,0,0,0,0,1,2,19,42,7,11,4,3,0,0,0,0,0,0,1,15,0,0,204,0,0,0,0,0,15,2,0,0,52,0,3,0,20,0,1,0,0,0,0,0,0,0,0,1,1,1,3,0,2,0,0,0,0,0,4,4,1,0,1,7,0,16,3,0,0,0,0,0,0,0,0,0,0,0,0,0,0,0,0,0,0,0,0,1,0,0,0,0,0,0,0,0,0,0,0,0,0,0,0,0,0,0,0,0,0,0,0,0,0,0,0,0,0,0,0,0,0,0,0,3,0,0,1,1,0,0,0,1,0,0,0,0,0,1,6,1,0,0,1,0,0,0,0,0,2,0,0,0,0,8,0,2,0,1,0,0,0,6,1,1,1,1,3,1,0,0,1,0,0,0,0,2,0,2,0,0,1,0,0,0,0,3,0,3,0,0,0,1,1,0,0,0,0,0,0,0,3,0,1,0,0,0,0,0,4,0,0,0,0,3,0,0,79,15,2,1,0,0,0,0,0,0,0,0,0,15,2,0,0,0,0,0,0,0,1,0,0,3,0,0,0,1,1,0,0,1,0,0,0,0,3,2,5,172,0,83,1,6,2,0,0,0,0,0,0,1,0,0,7,8,9,0,16,47,1,5,1,0,0,0,0,1,22,0,0,1,123,0,0,0,0,4,0,0,13,6,0,0,5,0,0,0,4,0,0,0,0,0,0,0,0,1,0,0,4,0,0,3,0,0,0,0,0,0,0,2,2,0,0,0,0,0,0,0,0,2,2,0,0,0,0,0,0,0,0,1,0,0,6,0,3,1,0,0,0,0,0,0,0,0,0,0,1,0,7
T19,T,2744,184,15489,106,974,1,8359,15,1026,1,11095,71,10,4956,2,7416,28,55,821,1,580,9,63,0,0,0,5,172,33,410,1111,17,497,2,0,0,0,0,0,0,0,3,7,4,0,0,0,1,14,0,7,43,400,0,28,1936,1739,0,118,3,0,2236,1,0,0,613,0,114,51,64,32,0,2,7,4,0,118,0,56,21,0,1,0,0,29,162,93,351,80,7640,5939,6716,7,284,1,102675,242,649,0,1,442,31,885,14,81,4,117,0,7069,3,188,2108,40,5,12,7,1076,1,2667,7,14854,16,5202,1,141,6,135,3546,29,3,105,363,3,5,135,0,21,6,12,823,1,360,2,5,1,0,23,11,6,1,0,4,1,4087,2,22,2,970,29,505,10,24,0,1135,0,16,0,69,196,0,204,236,122,493,4,1727,1,0,158,46,2884,38,4154,26,0,5,700,65,18199,1,0,151,48,13,5,67635,3690,21,1,109,177,18,0,0,0,0,105,2,0,0,0,1,2975,120,850,19,643,1,3095,1,136,1388,1,767,0,1152,0,2,939,26,34642,0,7,2014,23,555,15,391,1926,230,492,1,7,10,8132,202,3423,15,13,3602,299,29,6,0,0,0,0,0,339,466,244,13,147,37,5,6611,8,1435,2655,564,40,226,10,2736,1,108,167,0,9,21,11,4,3,14,3341,25,60,4,36,12,866,80,15,22,17,1,250,10,1243,16,29,2,95,16,7,1,1,1,1663,561,59,27,107,0,377,0,81,8,0,0,0,0,3,0,1270,37,80,1,16,2,1,6,193,17,5,237,46,3,5,3,0,28,17,0,23,15,3,18,8,34,16,840,794,58,434,176,67,2,0,6,0,2,0,0,221,0,30,1114,49,0,0,14,0,324,43,0,3,2634,5,5,0,41,1,11,0,0,1,0,0,0,1,0,3,19,15,55,1,61,2,0,0,11,13,6,122,27,5,7,81,0,376,27,0,0,0,1,0,1,0,4,0,0,0,0,0,0,0,0,1,0,1,0,0,0,0,1,0,0,0,0,1,0,0,0,0,0,0,0,0,0,0,0,0,0,0,0,0,0,0,0,0,0,0,0,0,0,0,63,29,0,0,60,5,5,0,3,2,1,0,7,2,20,0,10,0,0,4,9,12,40,0,0,1,4,0,0,0,2,263,5,28,1,0,0,0,0,23,1,8,15,4,73,162,3,0,19,0,0,0,0,0,0,17,0,0,3,0,1,0,0,5,7,14,7,3,11,5,61,0,0,1,30,1,0,6,98,2,15,0,8,3,0,0,205,0,0,3,0,6,3,1,203,248,11,39,3,18,2,4,0,5,21,0,0,2,52,1,15,0,0,1,0,0,4,1,0,69,0,0,1,11,20,2,0,12,0,0,0,0,74,68,1,2712,11,852,5,51,23,0,0,0,0,0,0,8,2,3,79,129,23,2,377,3874,24,69,8,0,4,1,0,66,44,10,3,43,79,0,0,0,2,27,2,19,123,1,2,1,19,0,0,1,33,24,4,8,2,0,0,0,10,28,2,0,65,16,5,63,2,0,0,0,3,0,0,1,1,3,2,0,0,6,8,0,0,24,7,0,7,1,1,0,6,0,5,0,0,15,232,0,16,15,1,0,0,0,0,0,2,0,1,0,0,8,5
T20,T,37,0,99,0,34,0,1,0,172,0,5,0,0,9,0,13,3,0,1,0,11,0,3,0,0,0,0,0,1,0,2,0,5,0,0,0,0,0,0,0,0,0,0,3,0,0,0,0,0,0,0,4,13,0,0,1,1,0,15,2,0,0,0,0,0,58,0,22,0,0,1,1,0,1,0,0,1,0,2,1,0,0,0,0,0,2,8,4,0,19,33,305,0,1,0,137,6,6,0,0,0,4,2,0,0,0,1,0,3,1,7,317,1,0,0,0,0,0,0,0,2,0,0,0,0,2,23,13,1,0,0,0,0,0,11,0,2,0,2,108,0,26,1,0,0,0,0,3,0,0,0,0,0,67,0,0,0,7,8,0,24,0,0,0,0,0,0,9,0,0,4,4,1,8,0,30,0,0,1,5,6,0,9,0,0,0,2,0,57,1,0,2,0,0,0,19,0,20,0,0,0,1,0,0,0,0,1,1,0,0,0,0,15,0,7,0,1,0,0,0,0,9,0,4,0,24,0,1,33,4,3,0,0,1,0,30,1,40,2,12,3,0,0,0,9,1,2,0,0,3,1,0,0,0,0,0,0,0,0,5,1,5,0,43,3,1,0,1,19,0,0,0,0,122,0,0,1,0,0,1,0,0,0,0,71,0,0,0,0,0,6,0,7,1,1,0,2,0,0,0,0,0,1,0,0,0,0,1,0,3,0,0,0,0,1,0,0,0,0,0,0,0,0,0,0,0,0,0,1,0,0,0,0,0,0,41,4,0,0,0,0,0,0,0,3,0,0,0,0,0,0,71,7,5,2,33,2,0,0,0,0,0,0,0,3,0,0,1,3,0,0,0,0,0,1,0,8,2,0,0,0,0,0,1,0,0,0,0,0,0,0,0,0,0,0,0,0,2,0,0,0,0,0,0,0,0,0,0,0,0,1,1,0,0,0,0,0,0,0,0,0,0,0,0,0,0,0,0,0,0,0,0,0,0,0,0,0,0,0,0,0,0,0,0,0,0,1,0,0,0,0,0,0,0,0,0,0,0,0,0,0,0,0,0,0,0,0,0,2,0,0,1,1,0,0,0,0,0,0,0,0,0,0,0,0,0,0,0,0,0,0,0,0,0,0,0,0,0,0,0,0,0,0,0,0,0,0,0,0,0,0,0,0,0,0,0,0,0,0,0,0,0,0,0,0,0,0,0,0,0,0,0,0,0,0,0,0,0,0,0,0,0,0,0,0,1,1,0,0,0,0,0,0,2,0,0,0,0,0,0,4,11,8,1,0,0,3,0,0,0,1,0,0,0,0,4,0,0,0,0,0,0,0,0,0,0,0,0,0,0,0,9,0,0,0,0,0,0,0,0,0,1,7,8,0,0,0,0,0,0,0,0,0,0,0,0,1,0,1,5,0,0,3,0,1,0,0,0,1,0,2,392,0,0,0,16,0,0,0,0,0,0,0,34,1,1,1,0,0,0,0,6,4,0,0,0,0,0,0,4,0,0,0,3,0,0,0,1,0,0,0,0,0,0,0,0,0,0,0,0,0,0,0,0,0,0,0,0,0,0,0,0,0,0,0,0,0,6,0,0,0,0,0,0,0,0,0,0,0,0,0,0,0,0
T21,T,3174,648,102358,334,1711,4,2909,95,10326,53,26601,139,41,8571,80,33659,283,1733,1373,5,2134,48,92,0,4,1,0,739,84,55,1558,31,1408,11,3,0,0,1,0,0,0,1,16,10,1,1,0,0,12,0,50,2116,10122,20,30,9016,7217,0,1352,59,0,503,1,4,0,3499,0,640,55,322,72,10,1,21,58,0,749,3,1236,54,16,11,2,10,41,884,581,2039,43,5334,8665,38740,64,623,3,13935,533,865,10,5,1020,106,2151,7,312,0,212,3,1282,3,1612,12053,719,18,91,24,1574,0,3755,30,12993,106,10406,9,823,50,575,11252,46,9,1744,168,8,42,509,0,113,33,3,9447,2,2002,7,120,0,8,56,30,10,1,1,46,10,9267,0,15,0,738,206,358,114,109,0,6704,2,150,0,412,351,0,4582,515,2248,1178,4,4205,4,0,2264,175,9553,218,18294,10,0,21,1999,116,9714,1,0,1563,162,31,1,476438,461,821,0,261,1512,213,0,9,0,3,244,2,1,0,0,6,1722,313,2319,28,1568,2,61747,38,712,1766,6,960,4,8156,2,3,2456,146,63056,2,29,14448,143,943,3,975,416,3133,1952,1,48,28,16713,531,8825,26,89,10108,370,160,20,0,0,0,0,0,1533,2509,156,18,277,89,25,4489,20,3748,3861,1174,129,610,83,4819,13,96,550,66,52,21,24,11,111,40,2107,39,245,3,379,70,205,124,17,57,13,2,775,25,1203,36,132,9,1405,57,8,26,14,27,87,1788,103,73,25,0,1390,0,193,13,0,2,0,0,0,0,1944,71,107,2,19,5,23,25,610,96,4,765,57,33,25,21,2,238,37,0,61,12,22,104,34,189,72,1241,2776,165,875,945,339,4,0,273,0,46,0,0,703,5,76,2386,224,0,0,131,5,1290,271,7,89,1229,7,4,0,60,6,44,15,0,1,0,0,3,8,0,84,212,68,214,9,707,33,0,0,26,67,4,11,23,3,27,215,0,235,27,0,0,0,0,0,0,0,6,0,0,0,3,1,1,3,0,3,1,0,0,0,1,0,0,1,3,0,0,0,0,0,0,0,0,1,1,0,0,0,0,0,0,0,0,0,0,0,0,0,0,0,0,0,0,0,59,178,1,0,130,33,25,6,92,26,6,1,4,2,48,14,4,36,0,4,6,5,8,0,0,2,3,2,4,0,7,819,9,67,2,14,0,1,1,20,9,7,14,2,224,279,12,0,42,0,0,0,1,5,0,5,0,5,6,0,10,0,1,4,5,4,8,25,31,57,31,1,0,1,61,0,0,59,308,1,65,0,47,26,0,0,1234,0,0,4,0,7,11,16,2520,1576,32,136,0,180,16,35,2,12,32,2,2,2,116,5,42,0,2,3,24,0,0,0,5,114,6,0,1,90,299,3,0,35,0,0,0,0,873,159,7,4613,69,570,14,1304,408,1,0,1,4,0,0,32,8,40,506,2045,370,4,1461,1869,92,549,50,5,7,2,1,100,1043,31,19,10,59,1,1,0,10,129,2,30,65,44,1,16,89,1,0,3,111,140,11,103,1,0,0,0,13,6,8,0,77,92,6,26,11,1,0,1,16,1,4,2,6,13,0,0,1,14,9,3,0,31,24,0,51,1,1,1,23,0,11,1,0,0,26,131,18,10,2,0,3,0,4,0,36,11,2,0,0,0,1
T22,T,116,4,184,1,22,0,6,4,312,2,58,1,0,8,0,15,0,2,3,0,7,2,1,0,0,0,0,2,1,2,8,0,5,0,0,0,0,0,0,0,0,0,0,0,0,0,0,0,0,0,0,5,6,0,0,8,5,0,1,0,0,0,1,1,0,23,0,8,0,1,1,0,0,0,0,0,0,0,0,0,0,0,0,0,0,0,1,5,1,6,78,48,0,4,0,26,1,0,0,0,1,7,1,0,0,0,3,0,4,0,13,86,2,0,0,0,0,0,5,0,47,0,10,0,1,1,11,22,0,0,1,0,0,0,0,0,2,1,1,19,0,6,0,0,0,0,0,0,0,0,0,0,0,190,0,1,0,13,1,3,4,0,0,3,0,0,0,0,3,0,3,15,0,0,0,6,0,0,2,1,13,0,39,0,1,0,4,1,41,1,0,0,1,0,0,351,4,3,0,0,4,0,0,0,0,0,1,0,0,0,0,0,0,0,9,0,5,0,30,0,23,47,0,19,0,15,0,0,12,2,67,0,0,14,0,28,0,19,0,24,2,0,0,0,16,0,4,0,0,9,1,2,0,0,0,0,0,0,2,133,6,0,7,3,2,10,0,0,95,2,0,1,0,9,0,1,1,1,0,0,0,0,0,1,120,0,0,0,0,0,1,1,1,0,0,0,4,0,6,0,0,0,1,0,0,0,0,0,0,4,0,0,0,0,18,0,0,0,0,0,0,0,0,0,8,0,4,0,4,0,0,0,1,0,0,3,0,0,0,0,0,0,0,0,0,0,0,0,0,0,0,20,8,8,3,26,0,0,0,0,0,0,0,0,1,0,0,9,4,0,0,0,0,4,1,0,1,4,0,0,0,8,0,0,0,0,0,0,0,0,0,0,0,0,0,0,0,0,0,0,0,0,0,0,0,0,0,0,0,0,3,0,0,0,0,0,0,0,0,0,0,0,0,0,0,0,0,0,0,0,0,0,0,0,0,0,0,0,0,0,0,0,0,0,0,0,0,0,0,0,0,0,0,0,0,0,0,0,0,0,0,0,0,0,0,0,0,0,1,0,0,0,0,0,0,0,0,0,0,0,0,0,0,0,0,0,0,0,0,1,0,0,0,0,0,0,0,0,10,0,0,0,0,0,0,0,0,0,0,0,0,1,1,0,0,0,0,0,0,0,0,0,0,0,0,0,0,0,0,0,0,1,0,0,1,0,0,0,0,0,0,0,0,0,1,2,0,0,0,0,0,0,0,4,0,0,0,0,0,0,5,4,0,0,0,0,1,0,0,0,1,0,2,0,1,0,0,0,0,0,0,0,0,0,0,0,3,0,0,0,0,2,0,0,0,0,0,0,0,0,0,3,20,0,5,0,0,1,0,0,0,0,0,0,0,0,0,3,15,0,0,4,2,0,9,0,0,0,4,0,1,502,1,0,0,2,0,0,0,0,2,0,1,12,9,0,0,0,0,0,0,3,1,0,0,0,0,0,0,2,0,0,0,1,2,0,1,0,1,0,0,0,0,0,0,0,0,0,0,0,0,0,0,0,0,0,0,0,0,0,0,0,0,0,15,0,1,2,1,0,0,0,0,0,0,0,0,0,0,0,0,0,0,0
T23,T,1722,212,28274,189,3127,2,2360,35,812,2,1905,90,3,734,6,2609,21,31,893,0,629,8,199,0,0,3,2,274,20,332,259,0,236,2,12,0,0,0,0,0,0,1,3,3,0,1,0,2,0,0,44,83,1134,8,44,220,71,0,166,15,0,166,1,1,0,674,0,127,24,52,14,2,2,16,21,0,84,0,94,6,0,4,1,0,3,167,177,567,32,1968,796,9774,24,48,0,38519,143,283,0,0,146,20,204,7,57,0,34,0,2416,1,313,2953,108,1,11,4,80,0,605,6,2905,2,760,2,31,44,242,1758,6,4,35,410,9,5,1210,0,142,7,10,1130,0,291,2,5,0,2,25,8,2,0,1,0,1,2283,1,11,0,961,36,54,13,13,0,322,0,15,0,221,50,0,524,205,90,345,1,2484,2,1,313,26,1359,40,6578,16,0,0,216,128,11255,2,0,117,10,19,2,26304,1681,480,0,9,735,49,0,0,0,0,79,1,0,0,0,1,4522,46,965,9,1216,0,416,1,43,1475,3,582,2,1796,2,0,620,60,6109,0,8,353,2,386,41,283,836,276,452,2,1,1,1964,165,832,16,3,1102,112,14,2,0,0,0,0,0,531,483,147,7,146,41,13,3392,9,907,568,2273,75,12,1,8686,0,158,369,0,3,1,0,1,12,5,2015,5,1,1,16,1,694,49,32,6,24,0,25,1,242,15,80,0,61,1,4,8,12,16,506,139,17,64,71,0,26,0,21,0,0,0,0,0,0,1,36,4,17,0,32,0,1,1,18,6,3,651,48,1,0,0,0,7,29,0,25,20,0,0,1,6,31,329,671,92,188,84,17,1,0,7,0,1,0,0,272,3,9,257,96,0,1,5,0,53,34,0,30,834,1,3,1,19,0,2,8,0,0,0,1,0,7,0,2,3,3,28,0,80,1,0,0,6,12,15,30,30,7,4,85,0,36,20,0,1,0,1,0,0,1,2,0,0,0,2,0,1,0,0,0,0,0,0,1,0,0,0,0,0,0,0,0,1,0,0,0,0,0,0,0,0,0,0,0,0,0,0,0,0,0,0,0,0,0,0,0,0,0,43,28,0,0,85,5,3,1,4,0,1,0,1,0,2,0,2,0,0,1,2,3,13,0,0,0,2,0,0,0,0,178,10,0,0,0,0,0,1,6,0,0,6,6,0,40,0,0,0,1,0,0,0,1,0,58,0,1,1,0,1,0,0,1,0,0,7,0,2,15,65,0,0,0,14,0,0,2,82,3,5,0,3,0,0,1,338,0,0,0,0,1,0,7,116,213,17,8,0,11,0,4,1,6,1,0,0,1,61,2,33,0,0,0,12,0,0,0,8,78,0,0,0,4,27,3,0,1,0,0,0,0,18,29,3,695,88,58,4,229,106,0,0,0,0,1,0,8,2,7,8,4,112,0,142,4607,53,72,6,0,2,1,6,50,362,0,0,4,35,0,0,0,2,2,0,4,58,0,2,1,4,5,0,7,23,26,2,3,0,0,0,0,4,17,1,0,18,15,4,1,1,0,0,0,4,0,0,0,1,2,1,0,0,7,0,1,0,1,6,0,0,3,0,0,2,0,0,1,0,15,199,2,10,2,0,0,2,0,0,0,1,3,0,0,0,0,0
T24,T,68,6,401,5,199,0,3,21,38,0,35,1,0,5,0,132,2,14,7,0,17,0,0,0,0,0,0,0,1,5,1,1,7,0,1,0,0,0,0,0,0,0,1,0,0,0,0,0,0,0,0,15,85,0,1,43,44,0,13,2,0,0,0,1,0,72,0,9,1,0,0,0,0,0,0,0,0,0,1,1,0,0,0,0,7,2,1,1,0,4,63,246,0,2,0,98,5,2,0,0,2,0,3,0,1,0,0,0,1,0,2,74,1,0,0,0,0,0,20,1,37,1,46,0,1,1,4,18,0,0,2,0,0,0,0,0,0,0,0,32,0,4,0,0,0,0,1,1,0,0,0,0,0,66,0,1,0,0,1,31,25,1,0,9,0,0,0,0,4,0,31,46,15,2,0,6,0,0,1,4,3,0,7,0,5,8,2,1,24,1,0,0,0,0,0,1309,1,3,0,0,1,4,0,0,0,0,3,0,0,0,0,0,18,1,55,0,7,0,9,0,2,91,0,19,1,9,0,0,81,1,46,0,0,8,0,73,0,50,1,54,1,0,0,0,41,0,4,1,0,35,1,0,0,0,0,0,0,0,10,21,1,1,3,0,0,11,0,4,25,1,2,4,0,163,0,1,8,0,8,0,0,0,0,0,1075,1,2,0,0,0,0,3,0,0,0,0,6,0,27,0,0,0,2,1,0,0,0,0,1,2,0,0,0,0,1,0,6,0,0,0,0,0,0,0,2,1,3,0,1,1,0,0,0,0,0,1,0,1,0,0,0,5,0,0,0,0,0,0,0,1,1,56,24,12,4,49,1,0,0,5,0,0,0,0,0,0,4,22,0,0,0,0,0,0,0,0,4,25,0,0,0,50,0,0,1,0,0,0,0,0,0,0,1,0,1,1,0,2,0,0,0,1,0,1,1,0,0,0,1,0,5,0,0,0,0,1,0,0,1,0,0,0,0,0,0,0,0,0,0,0,0,0,0,0,0,0,0,0,0,0,0,0,0,0,0,0,0,0,0,0,0,0,0,0,0,0,0,0,0,0,0,0,0,0,0,0,0,2,1,0,0,0,1,0,0,0,0,0,0,0,0,0,0,0,1,0,0,0,1,0,0,0,0,0,0,0,0,0,5,0,0,0,0,0,0,0,1,0,0,0,0,0,0,0,0,0,0,0,0,0,0,0,0,0,0,0,0,0,0,0,0,0,0,0,0,1,1,0,0,0,0,0,0,0,2,1,0,0,0,1,0,0,0,19,0,0,0,0,0,1,1,245,0,0,0,0,0,0,0,0,1,0,0,0,0,10,0,0,0,0,0,1,0,0,0,0,0,0,0,0,0,2,0,0,0,0,0,0,0,1,1,65,1271,2,60,0,1,0,0,0,0,0,0,0,1,1,1,58,1,1,0,3,40,2,15,0,0,0,0,0,0,0,1,1,0,0,0,1,0,1,0,0,0,0,0,0,0,0,0,0,0,3,2,0,0,0,0,0,0,1,3,0,0,9,0,0,0,0,0,0,0,0,0,0,0,0,0,0,0,0,0,0,0,0,0,1,0,0,0,0,0,1,0,0,0,0,0,0,0,0,0,0,0,0,0,0,0,0,0,3,0,0,0,0
T25,T,12121,2,14471,34,3186,0,529,14,4250,1,7172,0,0,1407,8,9452,29,179,22,0,348,12,181,0,2,55,0,67,25,94,82,0,387,4,7,0,2,43,0,0,0,0,0,4,0,1,0,0,685,3,23,358,164,1,1,245,23,0,256,23,0,85,12,78,3,1267,0,892,23,6,7,5,0,4,12,4,28,0,75,7,15,4,1,31,40,45,21,0,0,247,853,1496,15,3,0,2303,19,54,0,0,35,18,10,0,19,1,26,2,26,1,556,1509,6,2,0,0,287,0,727,18,1433,2,524,1,2,63,1568,477,3,2,26,192,25,16,308,1,169,54,0,1394,2,234,6,0,0,29,691,57,6,1,0,3,0,7905,3,6,0,13,25,21,74,6,0,71,0,23,0,156,47,0,61,43,7,827,0,2762,0,0,0,0,2,0,17,0,3,0,3,4,15,121,0,226,553,7,0,2048,15,238,0,1,29,1,0,53,89,162,309,0,1,0,0,3,53,7,52,0,38,1,76,0,6,47,1,27,1,567,1,0,658,25,4917,0,2,236,0,151,0,378,4,549,45,0,1,2,789,10,159,0,4,231,15,397,46,0,0,0,0,0,356,2441,870,24,243,86,33,540,17,229,822,1,0,8,0,1308,1,29,637,1,11,5,8,0,40,4,4299,3,1,3,16,1,56,85,41,6,51,0,872,3,352,29,54,8,28,0,0,2,0,4,16,512,88,73,4,1,195,0,1,0,0,0,0,0,0,0,19,0,6,0,18032,18,5,9,59,8,0,59,26,3,0,0,0,17,3,0,6,0,1,13,1,10,60,406,41,20,93,615,0,0,0,186,0,18,1,3,17,0,1,25,7,0,0,39,0,9,1,2,48,279,1,1,6,101,0,21,162,0,0,0,0,0,0,0,12,3,5,8,0,51,2,0,0,42,138,49,35,97,44,5,78,0,28,8,0,0,0,0,0,0,0,1,0,0,0,0,0,0,0,0,0,0,0,0,0,0,0,0,0,0,0,0,0,0,0,0,0,1,0,0,0,0,0,0,0,0,0,0,0,0,0,0,0,0,0,0,0,0,0,124,1245,0,0,6,4,6,0,1,3,0,0,0,0,0,0,0,1,0,1,2,2,26,0,0,0,0,0,0,0,0,11,0,0,2,1,0,0,1,2,2,1,0,0,6,12,1,0,0,0,0,0,0,0,0,18,0,0,0,0,1,0,0,0,0,0,3,2,1,4,0,0,0,0,7,0,0,5,166,0,8,0,0,0,0,0,6612,0,0,0,0,1,2,1,3321,12,9,6,0,75,3,12,5,5,0,0,0,0,14,14,33,0,0,53,16,0,0,6,8,302,8,2,3,0,30,5,0,14,0,0,0,0,1091,888,3,458,175,57,13,241,77,0,1,1,0,0,0,10,7,1,2,70,253,2,439,76,1,107,29,2,16,16,0,45,5107,2,0,0,7,1,0,0,0,56,0,11,92,1,0,1,35,0,0,6,215,64,0,24,0,0,0,0,2,0,0,0,270,14,0,3,1,0,0,0,2,0,0,1,0,5,7,0,0,31,21,2,0,61,0,0,2,0,0,0,0,0,0,0,0,0,13,4,0,0,0,0,6,0,5,0,1,5,0,0,0,0,0
T26,T,14398,80,24097,115,1454,1,2849,26,942,2,6143,35,4,1463,0,5920,49,7,1593,0,300,3,21,0,0,9,0,227,19,590,131,2,58,0,28,0,0,0,0,0,0,0,2,3,0,0,1,0,3,0,9,19,101,3,1,220,81,0,37,2,0,245,0,0,1,2563,0,198,35,16,11,1,0,3,6,0,139,0,14,3,0,2,0,0,7,56,36,708,48,1132,311,5335,10,297,0,23904,55,203,0,1,90,31,77,2,29,0,93,0,354,0,103,784,33,1,4,0,160,0,3288,9,6060,4,2349,0,17,3,161,1572,8,3,39,110,3,5,295,0,47,18,3,662,2,98,2,1,0,1,12,9,9,0,0,1,0,1236,2,10,0,832,72,1612,53,16,0,398,0,2,0,24,187,0,82,106,21,249,0,1349,1,0,129,27,1020,14,9003,10,2,0,1622,3,21882,0,0,145,10,0,0,52071,1187,104,0,15,173,10,1,0,0,0,32,0,0,0,0,1,5569,86,427,3,211,0,1084,1,111,5950,7,986,3,1451,0,1,292,25,7741,0,0,330,1,4218,36,1211,103,98,343,9,0,1,2772,85,937,10,3,584,47,12,2,0,0,0,0,0,172,98,566,10,370,24,0,1742,3,550,462,2810,47,27,2,5876,0,79,106,0,6,2,6,1,1,11,2009,25,3,1,39,11,360,55,34,3,15,0,82,3,203,4,48,0,63,5,0,1,8,1,261,267,10,5,17,0,338,0,12,2,1,0,0,0,0,0,105,2,11,3,21,3,1,0,30,5,2,136,35,3,0,0,0,1,6,0,4,3,0,4,1,10,34,429,827,88,133,99,22,1,0,1,0,0,0,2,192,1,11,1050,48,0,0,0,0,169,40,0,13,1713,0,1,2,36,1,1,0,0,0,0,0,0,2,0,0,0,0,11,1,45,0,0,0,24,5,0,37,7,3,1,209,1,92,8,0,0,0,1,0,0,0,1,0,0,0,0,1,1,0,0,0,0,0,0,0,0,0,0,0,0,0,0,0,0,0,1,0,0,0,0,0,0,0,0,0,0,0,0,0,0,1,0,0,0,0,0,0,0,0,9,13,0,0,84,1,3,0,2,0,0,0,0,0,6,0,9,1,0,0,2,6,6,0,0,0,2,0,0,0,1,129,2,3,0,0,0,0,29,38,1,0,8,4,2,39,4,0,1,0,0,0,0,0,0,31,0,1,1,0,0,0,0,2,3,2,0,0,0,10,17,0,0,3,14,0,0,2,98,0,6,0,1,0,0,0,68,0,0,0,0,1,2,1,84,99,5,6,0,20,1,1,0,5,5,0,0,1,12,2,15,0,0,0,2,0,0,0,1,66,5,0,0,9,69,2,0,1,0,0,0,0,3,6,10,4861,24,238,4,53,40,0,3,1,0,0,0,11,0,0,17,47,44,0,174,336,8,43,6,2,2,0,3,22,28,0,3,14,59,0,0,0,5,24,1,5,62,1,0,1,12,2,0,3,23,1,3,2,1,0,0,0,1,37,3,0,45,8,1,3,3,0,0,0,0,0,0,1,0,3,1,0,0,4,0,1,0,48,6,0,0,2,0,0,0,0,2,3,0,16,220,0,5,4,1,0,0,0,0,0,2,0,0,2,3,0,3
T27,T,39196,164,73139,230,5883,1,4937,18,2388,7,10385,40,8,3444,10,5674,23,56,511,0,299,0,123,0,0,6,2,212,31,226,317,4,425,2,8,0,0,0,0,0,0,2,2,3,0,0,0,1,3,0,14,45,167,2,4,832,515,0,109,5,0,624,0,0,0,896,0,101,20,60,13,3,1,10,12,0,535,2,46,5,4,6,0,0,6,114,50,1344,135,2339,602,5253,8,172,1,55799,145,248,1,0,182,6,69,3,21,0,181,0,1099,0,292,1486,85,2,5,4,521,0,1508,15,17368,38,4906,1,127,4,126,3583,11,2,118,292,2,7,167,0,30,11,4,954,0,260,0,3,1,4,7,10,5,2,0,3,1,2875,0,34,0,1693,67,955,55,21,0,769,0,129,0,90,157,0,201,106,52,283,0,1040,11,0,348,41,3607,28,41925,66,0,0,758,15,28618,0,0,399,32,29,3,107857,4016,256,0,24,539,16,0,0,0,0,41,0,0,0,0,3,1452,133,1112,14,1117,3,2758,1,414,7012,10,2249,3,1692,1,1,689,53,22062,0,10,1048,6,3638,74,1838,583,456,468,7,1,6,2249,63,715,10,4,904,75,55,2,0,0,0,0,0,300,150,957,5,824,24,3,3895,1,1255,1079,1930,112,112,10,4781,4,115,355,0,7,6,20,1,2,10,1296,35,11,3,21,8,317,74,71,14,86,3,111,10,656,12,123,1,140,12,6,10,1,4,562,485,29,25,54,0,935,0,55,4,0,0,0,0,0,0,726,22,39,5,12,4,1,13,77,8,2,227,40,3,3,0,0,14,12,0,12,6,3,4,1,52,50,421,640,61,391,138,56,2,0,11,0,2,0,0,275,0,43,2123,156,0,0,19,0,391,79,0,5,1802,3,4,1,30,1,7,1,0,1,0,0,0,0,0,2,13,6,25,1,45,0,1,0,5,22,0,32,31,4,4,100,0,71,17,0,1,0,0,0,0,0,0,0,1,0,0,0,1,0,0,0,3,0,0,0,0,0,0,0,0,0,0,1,0,0,1,0,0,0,0,0,0,0,0,0,0,0,0,0,0,1,0,0,0,0,0,1,0,0,32,18,0,0,55,6,1,0,19,0,2,2,3,0,6,0,21,3,0,2,7,15,13,0,0,1,7,1,1,0,2,250,5,21,1,1,0,0,1,8,2,3,4,8,59,136,1,1,10,0,0,0,0,1,0,17,0,1,3,0,0,0,0,3,1,4,8,0,4,14,194,0,0,2,18,1,0,6,50,0,8,1,5,1,0,0,99,0,0,0,0,1,0,0,910,221,3,44,1,36,2,2,0,3,8,0,0,0,30,0,19,0,0,0,2,0,1,0,1,104,1,0,0,3,57,0,0,2,0,0,0,0,54,39,2,2658,44,311,3,230,86,0,0,0,0,1,0,13,6,8,462,142,62,0,340,1059,19,122,12,0,0,0,3,42,164,2,2,28,60,0,0,0,1,20,0,23,25,4,0,5,27,0,0,0,31,12,3,11,1,0,0,0,3,47,3,0,67,7,2,6,2,0,0,1,7,0,1,0,5,2,2,0,0,1,0,5,0,22,5,0,2,0,0,0,4,0,3,6,0,8,85,2,7,18,1,0,0,0,0,0,0,1,2,0,4,7,7
T28,T,198,18,669,4,167,0,21,2,69,0,52,5,0,13,1,53,0,1,5,0,6,0,0,0,1,0,0,3,6,3,3,0,5,0,0,0,0,0,0,0,0,0,0,3,0,0,0,0,0,0,0,5,27,0,0,18,15,0,10,0,0,4,0,0,0,32,0,12,0,1,0,0,0,0,0,0,1,0,1,1,0,0,0,0,0,3,1,11,0,20,1046,97,1,0,0,100,1,4,0,0,1,8,6,0,1,0,1,0,13,0,25,223,0,0,0,0,6,0,4,0,98,0,16,0,1,0,14,39,0,0,1,3,0,0,4,0,3,1,0,65,0,11,0,0,0,0,1,0,0,0,0,0,0,622,0,3,0,10,3,5,2,0,0,6,0,3,0,2,4,0,17,33,5,2,0,26,0,0,3,2,19,2,54,1,0,0,6,0,295,0,0,0,1,0,0,228,3,3,0,0,4,0,0,0,0,0,0,0,0,0,0,0,7,0,8,1,15,0,12,0,6,101,1,47,0,20,0,0,27,2,105,0,0,6,0,51,0,62,3,58,3,0,0,0,69,5,26,0,0,42,3,0,0,0,0,0,0,0,0,52,17,3,11,10,1,17,1,11,251,18,7,1,0,53,0,0,7,0,0,0,0,0,0,1,173,0,0,0,0,0,3,3,5,2,0,0,7,0,2,0,1,0,1,0,0,0,0,0,0,4,0,0,0,0,30,0,2,0,0,0,0,0,0,0,0,0,0,0,1,0,0,0,0,0,0,9,1,0,0,0,0,0,0,0,0,0,0,0,0,0,0,62,20,14,3,44,1,0,0,2,0,0,0,0,4,0,0,1,5,0,0,0,0,19,1,0,0,3,0,15,0,0,0,0,0,0,0,0,0,0,0,0,0,0,0,0,0,0,0,0,0,1,0,1,0,0,0,0,1,0,4,0,0,0,0,0,0,0,0,0,0,0,0,0,0,0,0,0,0,0,0,0,0,0,0,0,0,0,0,0,0,0,0,0,0,0,0,0,0,0,0,0,0,0,0,0,0,0,0,0,0,0,0,0,0,0,0,1,1,0,0,1,1,0,0,0,0,0,0,0,0,0,0,0,0,0,0,0,0,0,0,0,0,0,0,0,0,0,10,1,0,0,0,0,0,1,0,0,0,0,0,0,2,0,0,0,0,0,0,0,0,0,0,0,0,0,0,0,0,0,0,0,0,0,0,0,0,0,0,0,0,0,0,0,1,3,0,0,0,0,0,0,0,17,0,0,0,0,0,0,0,38,3,2,0,0,0,1,0,0,1,0,0,0,0,8,0,1,0,0,0,0,0,0,0,0,14,0,0,0,0,33,0,0,0,0,0,0,0,1,0,1,17,0,2,0,4,6,0,0,0,0,0,0,0,0,0,18,21,0,0,1,21,0,4,1,0,0,0,0,3,197,0,0,0,7,0,0,0,0,12,0,0,37,15,2,0,1,0,0,0,11,1,0,0,0,0,0,0,1,0,0,0,3,6,0,0,0,0,0,0,0,0,0,0,0,1,0,0,0,0,0,0,0,1,0,0,0,0,0,0,0,0,0,0,0,0,3,1,0,0,0,0,0,0,0,0,0,0,0,0,0,0,0
T29,T,1422,1,2492,15,321,0,154,0,25,0,310,0,1,2081,0,151,1,0,65,0,12,0,0,0,0,0,0,2,0,5,15,0,1,0,0,0,0,0,0,0,0,0,0,0,0,0,0,0,0,0,0,1,1,0,0,80,0,0,0,0,0,3,0,0,0,0,0,1,10,0,0,0,1,0,38,0,1,0,0,0,0,0,0,0,0,17,0,3,30,89,21,5,0,1,0,5,0,12,0,0,17,0,5,0,0,0,8,0,207,0,0,52,2,0,0,0,37,0,364,0,3014,0,1422,0,2,8,8,9,3,0,0,13,0,0,0,0,0,0,0,94,0,3,0,0,0,0,0,0,2,0,0,0,0,95,0,4,1,58,0,280,0,14,0,108,0,2,0,0,3,0,12,24,0,0,0,19,0,0,4,1,175,0,11,8,0,0,0,0,0,0,0,2,0,1,0,62,27,0,0,1,94,0,0,0,0,0,0,0,0,0,0,0,240,0,0,0,0,0,199,0,3,11,0,3,0,12,0,0,0,0,39,0,0,0,0,81,0,35,0,0,1,0,0,1,1,0,6,0,0,0,0,0,0,0,0,0,0,0,10,0,118,0,66,1,0,78,0,5,0,101,1,2,0,42,0,12,9,0,0,0,3,0,0,0,216,0,0,0,10,0,7,0,0,0,1,0,1,4,8,0,0,0,1,1,0,0,0,0,7,0,0,0,0,0,6,0,1,0,0,0,0,0,0,0,58,1,17,0,0,1,0,2,2,0,0,0,0,0,0,0,0,0,0,0,0,0,0,0,0,2,0,19,39,1,141,7,4,0,0,0,0,0,0,0,0,0,0,18,0,0,0,0,0,0,0,0,3,35,0,0,0,0,0,0,0,0,0,0,0,0,0,0,0,0,0,6,0,40,0,0,0,0,0,0,1,0,0,0,5,0,10,0,0,0,0,0,0,0,0,0,0,0,0,0,0,0,0,0,0,0,0,0,0,0,0,0,0,0,0,0,0,0,0,0,0,0,0,0,0,0,0,0,0,0,0,0,0,0,0,0,0,0,0,0,0,0,0,5,0,0,0,1,0,0,0,3,0,0,0,0,0,1,0,5,0,0,0,0,10,0,0,0,0,0,0,0,0,0,6,0,2,0,0,0,0,0,4,0,0,0,1,0,0,0,0,4,0,0,0,0,0,0,0,0,0,0,0,0,0,0,1,0,0,0,0,0,0,0,0,0,0,0,0,0,0,0,0,0,0,0,0,1,0,0,0,0,0,0,0,0,1,8,0,1,1,0,0,0,0,0,0,0,0,0,0,0,0,0,0,0,0,0,0,0,0,0,2,0,0,0,0,0,0,0,0,0,0,0,0,0,1,0,1,0,0,0,0,0,0,0,0,0,0,0,0,0,0,0,0,0,0,606,89,0,20,0,0,0,0,0,0,0,0,0,7,9,0,0,0,0,0,0,0,0,0,0,0,0,0,0,0,2,9,0,0,0,0,0,0,0,22,0,0,0,0,0,0,0,0,0,0,0,0,0,1,0,0,0,0,0,0,0,0,0,0,89,0,0,0,0,0,0,0,0,0,0,0,1,0,0,0,0,0,0,0,0,0,0,0,0,0,0,0,0
